name,latex,minima,domain,domain_latex,link
NeedleEye,"f_{\text{NeedleEye}}(\mathbf{x}) = \begin{cases} 1 & \textrm{if} \hspace{5pt} \lvert x_i \rvert  <  eye \hspace{5pt} \forall i \\
       \sum_{i=1}^n (100 + \lvert x_i \rvert) & \textrm{if} \hspace{5pt} \lvert x_i \rvert > eye \\
       0 & \textrm{otherwise} \end{cases}","['f(x_i) = 1', 'x_i = -1', 'i=1,...,n']","[-10, 10]","x_i \in [-10, 10], i=1,...,n",http://infinity77.net/global_optimization/test_functions_nd_N.html#go_benchmark.NeedleEye
NewFunction01,f_{\text{NewFunction01}}(\mathbf{x}) = \left | {\cos\left(\sqrt{\left|{x_{1}^{2} + x_{2}}\right|}\right)} \right |^{0.5} + (x_{1} + x_{2})/100,"['f(x_i) = -0.17894509347721144', '\\mathbf{x} = [-8.4666, -9.9988]']","[-10, 10]","x_i \in [-10, 10], i=1,2",http://infinity77.net/global_optimization/test_functions_nd_N.html#go_benchmark.NewFunction01
NewFunction02,f_{\text{NewFunction02}}(\mathbf{x}) = \left | {\sin\left(\sqrt{\lvert{x_{1}^{2} + x_{2}}\rvert}\right)} \right |^{0.5} + (x_{1} + x_{2})/100,"['f(x_i) = -0.1971881059905', '\\mathbf{x} = [-9.94112, -9.99952]']","[-10, 10]","x_i \in [-10, 10], i=1,2",http://infinity77.net/global_optimization/test_functions_nd_N.html#go_benchmark.NewFunction02
NewFunction03,f_{\text{NewFunction03}}(\mathbf{x}) = 0.01 x_{1} + 0.1 x_{2} + \left\{x_{1} + \sin^{2}\left[\left(\cos\left(x_{1}\right) + \cos\left(x_{2}\right)\right)^{2}\right] + \cos^{2}\left[\left(\sin\left(x_{1}\right) + \sin\left(x_{2}\right)\right)^{2}\right]\right\}^{2},"['f(x_i) = -1.019829', '\\mathbf{x} = [-1.98682, -10]']","[-10, 10]","x_i \in [-10, 10], i=1,2",http://infinity77.net/global_optimization/test_functions_nd_N.html#go_benchmark.NewFunction03
Yao-Liu 4,"f_{\text{YaoLiu04}}(\mathbf{x}) = {max}_i \left\{ \left | x_i \right | , 1 \leq i \leq n \right\}","['f(x_i) = 0', 'x_i = 0', 'i=1,...,n']","[-10, 10]","x_i \in [-10, 10], i=1,...,n",http://infinity77.net/global_optimization/test_functions_nd_Y.html#go_benchmark.YaoLiu04
Yao-Liu 9,f_{\text{YaoLiu09}}(\mathbf{x}) = \sum_{i=1}^n \left [ x_i^2 - 10 \cos(2 \pi x_i ) + 10 \right ],"['f(x_i) = 0', 'x_i = 0', 'i=1,...,n']","[-5.12, 5.12]","x_i \in [-5.12, 5.12], i=1,...,n",http://infinity77.net/global_optimization/test_functions_nd_Y.html#go_benchmark.YaoLiu09
TestTubeHolder,f_{\text{TestTubeHolder}}(\mathbf{x}) = - 4 \left | {e^{\left|{\cos\left(\frac{1}{200} x_{1}^{2} + \frac{1}{200} x_{2}^{2}\right)}\right|} \sin\left(x_{1}\right) \cos\left(x_{2}\right)}\right |,"['f(x_i) = -10.872299901558', '\\mathbf{x} = [-\\pi/2, 0]']","[-10, 10]","x_i \in [-10, 10], i=1,2",http://infinity77.net/global_optimization/test_functions_nd_T.html#go_benchmark.TestTubeHolder
Three Hump Camel,f_{\text{ThreeHumpCamel}}(\mathbf{x}) = 2x_1^2 - 1.05x_1^4 + \frac{x_1^6}{6} + x_1x_2 + x_2^2,"['f(x_i) = 0', '\\mathbf{x} = [0, 0]']","[-5, 5]","x_i \in [-5, 5], i=1,2",http://infinity77.net/global_optimization/test_functions_nd_T.html#go_benchmark.ThreeHumpCamel
Treccani,f_{\text{Treccani}}(\mathbf{x}) = x_1^4 + 4x_1^3 + 4x_1^2 + x_2^2,"['f(x_i) = 0', '\\mathbf{x} = [-2, 0]', '\\mathbf{x} = [0, 0]']","[-5, 5]","x_i \in [-5, 5], i=1,2",http://infinity77.net/global_optimization/test_functions_nd_T.html#go_benchmark.Treccani
Trefethen,f_{\text{Trefethen}}(\mathbf{x}) = 0.25 x_{1}^{2} + 0.25 x_{2}^{2} + e^{\sin\left(50 x_{1}\right)} - \sin\left(10 x_{1} + 10 x_{2}\right) + \sin\left(60 e^{x_{2}}\right) + \sin\left[70 \sin\left(x_{1}\right)\right] + \sin\left[\sin\left(80 x_{2}\right)\right],"['f(x_i) = -3.3068686474', '\\mathbf{x} = [-0.02440307923, 0.2106124261]']","[-10, 10]","x_i \in [-10, 10], i=1,2",http://infinity77.net/global_optimization/test_functions_nd_T.html#go_benchmark.Trefethen
Trid,f_{\text{Trid}}(\mathbf{x}) = \sum_{i=1}^{n}(x_i - 1)^2 - \sum_{i=2}^{n} x_ix_{i-1},"['f(x_i) = -50', '\\mathbf{x} = [6, 10, 12, 12, 10, 6]']","[-20, 20]","x_i \in [-20, 20], i=1,...,6",http://infinity77.net/global_optimization/test_functions_nd_T.html#go_benchmark.Trid
Trigonometric 1,f_{\text{Trigonometric01}}(\mathbf{x}) = \sum_{i=1}^{n} \left [n - \sum_{j=1}^{n} \cos(x_j) + i \left(1 - cos(x_i) - sin(x_i) \right ) \right]^2,"['f(x_i) = 0', 'x_i = 0', 'i=1,...,n']","[0, np.pi]","x_i \in [0, \pi], i=1,...,n",http://infinity77.net/global_optimization/test_functions_nd_T.html#go_benchmark.Trigonometric01
Trigonometric 2,f_{\text{Trigonometric2}}(\mathbf{x}) = 1 + \sum_{i=1}^{n} 8 \sin^2 \left[7(x_i - 0.9)^2 \right] + 6 \sin^2 \left[14(x_i - 0.9)^2 \right] + (x_i - 0.9)^2,"['f(x_i) = 1', 'x_i = 0.9', 'i=1,...,n']","[-500, 500]","x_i \in [-500, 500], i=1,...,n",http://infinity77.net/global_optimization/test_functions_nd_T.html#go_benchmark.Trigonometric02
Tripod,f_{\text{Tripod}}(\mathbf{x}) = p(x_2) \left[1 + p(x_1) \right] + \lvert x_1 + 50p(x_2) \left[1 - 2p(x_1) \right] \rvert + \lvert x_2 + 50\left[1 - 2p(x_2)\right] \rvert,"['f(x_i) = 0', '\\mathbf{x} = [0, -50]']","[-100, 100]","x_i \in [-100, 100], i=1,2",http://infinity77.net/global_optimization/test_functions_nd_T.html#go_benchmark.Tripod
CarromTable,f_{\text{CarromTable}}(\mathbf{x}) = - \frac{1}{30} e^{2 \left|{1 - \frac{\sqrt{x_{1}^{2} + x_{2}^{2}}}{\pi}}\right|} \cos^{2}\left(x_{1}\right) \cos^{2}\left(x_{2}\right),"['f(x_i) = -24.15681551650653', 'x_i = \\pm 9.646157266348881', 'i=1,...,n']","[-10, 10]","x_i \in [-10, 10], i=1,2",http://infinity77.net/global_optimization/test_functions_nd_C.html#go_benchmark.CarromTable
Chichinadze,f_{\text{Chichinadze}}(\mathbf{x}) = x_{1}^{2} - 12 x_{1} + 8 \sin\left(\frac{5}{2} \pi x_{1}\right) + 10 \cos\left(\frac{1}{2} \pi x_{1}\right) + 11 - 0.2 \frac{\sqrt{5}}{e^{\frac{1}{2} \left(x_{2} -0.5\right)^{2}}},"['f(x_i) = -42.94438701899098', '\\mathbf{x} = [6.189866586965680, 0.5]']","[-30, 30]","x_i \in [-30, 30], i=1,2",http://infinity77.net/global_optimization/test_functions_nd_C.html#go_benchmark.Chichinadze
Cigar,f_{\text{Cigar}}(\mathbf{x}) = x_1^2 + 10^6\sum_{i=2}^{n} x_i^2,"['f(x_i) = 0', 'x_i = 0', 'i=1,...,n']","[-100, 100]","x_i \in [-100, 100], i=1,...,n",http://infinity77.net/global_optimization/test_functions_nd_C.html#go_benchmark.Cigar
Cola,"f_{\text{Cola}}(\mathbf{x}) = \sum_{i<j}^{n} \left (r_{i,j} - d_{i,j} \right )^2","['0 \\leq x_0 \\leq 4', '-4 \\leq x_i \\leq 4', 'i = 1,...,n-1']",,"x_i \in [-100, 100], i=1,...,n",http://infinity77.net/global_optimization/test_functions_nd_C.html#go_benchmark.Cola
Colville,f_{\text{Colville}}(\mathbf{x}) = \left(x_{1} -1\right)^{2} + 100 \left(x_{1}^{2} - x_{2}\right)^{2} + 10.1 \left(x_{2} -1\right)^{2} + \left(x_{3} -1\right)^{2} + 90 \left(x_{3}^{2} - x_{4}\right)^{2} + 10.1 \left(x_{4} -1\right)^{2} + 19.8 \frac{x_{4} -1}{x_{2}},"['f(x_i) = 0', 'x_i = 1', 'i=1,...,4']","[-10, 10]","x_i \in [-10, 10], i=1,...,4",http://infinity77.net/global_optimization/test_functions_nd_C.html#go_benchmark.Colville
Corana,"f_{\text{Corana}}(\mathbf{x}) = \begin{cases} \sum_{i=1}^n 0.15 d_i [z_i - 0.05\textrm{sgn}(z_i)]^2 & \textrm{if}|x_i-z_i| < 0.05 \\
       d_ix_i^2 & \textrm{otherwise}\end{cases}","['f(x_i) = 0', 'x_i = 0', 'i=1,...,4']","[-5, 5]","x_i \in [-5, 5], i=1,...,4",http://infinity77.net/global_optimization/test_functions_nd_C.html#go_benchmark.Corana
Cosine Mixture,f_{\text{CosineMixture}}(\mathbf{x}) = -0.1 \sum_{i=1}^n \cos(5 \pi x_i) - \sum_{i=1}^n x_i^2,"['f(x_i) = -0.1N', 'x_i = 0', 'i=1,...,N']","[-1, 1]","x_i \in [-1, 1], i=1,...,N",http://infinity77.net/global_optimization/test_functions_nd_C.html#go_benchmark.CosineMixture
Cross-in-Tray,f_{\text{CrossInTray}}(\mathbf{x}) = - 0.0001 \left(\left|{e^{\left|{100 - \frac{\sqrt{x_{1}^{2} + x_{2}^{2}}}{\pi}}\right|} \sin\left(x_{1}\right) \sin\left(x_{2}\right)}\right| + 1\right)^{0.1},"['f(x_i) = -2.062611870822739', 'x_i = \\pm 1.349406608602084', 'i=1,2']","[-15, 15]","x_i \in [-15, 15], i=1,2",http://infinity77.net/global_optimization/test_functions_nd_C.html#go_benchmark.CrossInTray
Cross-Leg-Table,f_{\text{CrossLegTable}}(\mathbf{x}) = - \frac{1}{\left(\left|{e^{\left|{100 - \frac{\sqrt{x_{1}^{2} + x_{2}^{2}}}{\pi}}\right|} \sin\left(x_{1}\right) \sin\left(x_{2}\right)}\right| + 1\right)^{0.1}},"['f(x_i) = -1', 'x_1 = 0', 'x_2 = 0']","[-10, 10]","x_i \in [-10, 10], i=1,2",http://infinity77.net/global_optimization/test_functions_nd_C.html#go_benchmark.CrossLegTable
Crowned Cross,f_{\text{CrownedCross}}(\mathbf{x}) = 0.0001 \left(\left|{e^{\left|{100- \frac{\sqrt{x_{1}^{2} + x_{2}^{2}}}{\pi}}\right|} \sin\left(x_{1}\right) \sin\left(x_{2}\right)}\right| + 1\right)^{0.1},"['f(x_i) = 0.0001', 'x_1 = 0', 'x_2 = 0']","[-10, 10]","x_i \in [-10, 10], i=1,2",http://infinity77.net/global_optimization/test_functions_nd_C.html#go_benchmark.CrownedCross
Csendes,f_{\text{Csendes}}(\mathbf{x}) = \sum_{i=1}^n x_i^6 \left[ 2 + \sin \left( \frac{1}{x_i} \right ) \right],"['f(x_i) = 0.0', 'x_i = 0', 'i=1,...,N']","[-1, 1]","x_i \in [-1, 1], i=1,...,N",http://infinity77.net/global_optimization/test_functions_nd_C.html#go_benchmark.Csendes
Cube,f_{\text{Cube}}(\mathbf{x}) = 100(x_2 - x_1^3)^2 + (1 - x1)^2,"['f(x_i) = 0.0', '\\mathbf{x} = [1, 1]']","[-10, 10]","x_i \in [-10, 10], i=1,...,N",http://infinity77.net/global_optimization/test_functions_nd_C.html#go_benchmark.Cube
FreudensteinRoth,f_{\text{FreudensteinRoth}}(\mathbf{x}) =  \left\{x_1 - 13 + \left[(5 - x_2)x_2 - 2 \right] x_2 \right\}^2 + \left \{x_1 - 29 + \left[(x_2 + 1)x_2 - 14 \right] x_2 \right\}^2,"['f(x_i) = 0', '\\mathbf{x} = [5, 4]']","[-10, 10]","x_i \in [-10, 10], i=1,2",http://infinity77.net/global_optimization/test_functions_nd_F.html#go_benchmark.FreudensteinRoth
Qing,f_{\text{Qing}}(\mathbf{x}) = \sum_{i=1}^{n} (x_i^2 - i)^2,"['f(x_i) = 0', 'x_i = \\pm \\sqrt(i)', 'i=1,...,n']","[-500, 500]","x_i \in [-500, 500], i=1,...,n",http://infinity77.net/global_optimization/test_functions_nd_Q.html#go_benchmark.Qing
Quadratic,f_{\text{Quadratic}}(\mathbf{x}) = -3803.84 - 138.08x_1 - 232.92x_2 + 128.08x_1^2 + 203.64x_2^2 + 182.25x_1x_2,"['f(x_i) = -3873.72418', '\\mathbf{x} = [0.19388, 0.48513]']","[-10, 10]","x_i \in [-10, 10], i=1,2",http://infinity77.net/global_optimization/test_functions_nd_Q.html#go_benchmark.Quadratic
Quintic,f_{\text{Quintic}}(\mathbf{x}) = \sum_{i=1}^{n} \left|{x_{i}^{5} - 3 x_{i}^{4} + 4 x_{i}^{3} + 2 x_{i}^{2} - 10 x_{i} -4}\right|,"['f(x_i) = 0', 'x_i = -1', 'i=1,...,n']","[-10, 10]","x_i \in [-10, 10], i=1,...,n",http://infinity77.net/global_optimization/test_functions_nd_Q.html#go_benchmark.Quintic
Ackley,f_{\text{Ackley}}(\mathbf{x}) = -20e^{-0.2 \sqrt{\frac{1}{n} \sum_{i=1}^n x_i^2}} - e^{ \frac{1}{n} \sum_{i=1}^n \cos(2 \pi x_i)} + 20 + e,"['f(x_i) = 0', 'x_i = 0', 'i=1,...,n']","[-32, 32]","x_i \in [-32, 32], i=1,...,n",http://infinity77.net/global_optimization/test_functions_nd_A.html#go_benchmark.Ackley
Adjiman,f_{\text{Adjiman}}(\mathbf{x}) = \cos(x_1)\sin(x_2) - \frac{x_1}{(x_2^2 + 1)},"['f(x_i) = -2.02181', '\\mathbf{x} = [2, 0.10578]']","[-1, 2]","x_1 \in [-1, 2], x_2 \in [-1, 1]",http://infinity77.net/global_optimization/test_functions_nd_A.html#go_benchmark.Adjiman
Alpine 1,f_{\text{Alpine01}}(\mathbf{x}) = \sum_{i=1}^{n} \lvert {x_i \sin \left( x_i \right) + 0.1 x_i} \rvert,"['f(x_i) = 0', 'x_i = 0', 'i=1,...,n']","[-10, 10]","x_i \in [-10, 10], i=1,...,n",http://infinity77.net/global_optimization/test_functions_nd_A.html#go_benchmark.Alpine01
Alpine 2,f_{\text{Alpine02}}(\mathbf{x}) = \prod_{i=1}^{n} \sqrt{x_i} \sin(x_i),"['f(x_i) = -6.1295', 'x_i = 7.917', 'i=1,...,n']","[0, 10]","x_i \in [0, 10], i=1,...,n",http://infinity77.net/global_optimization/test_functions_nd_A.html#go_benchmark.Alpine02
AMGM,f_{\text{AMGM}}(\mathbf{x}) = \left ( \frac{1}{n} \sum_{i=1}^{n} x_i - \sqrt[n]{ \prod_{i=1}^{n} x_i} \right )^2,"['f(x_i) = 0', 'x_1 = x_2 = ... = x_n', 'i=1,...,n']","[0, 10]","x_i \in [0, 10], i=1,...,n",http://infinity77.net/global_optimization/test_functions_nd_A.html#go_benchmark.AMGM
Zacharov,f_{\text{Zacharov}}(\mathbf{x}) = \sum_{i=1}^{n} x_i^2 + \left ( \frac{1}{2} \sum_{i=1}^{n} i x_i \right )^2 + \left ( \frac{1}{2} \sum_{i=1}^{n} i x_i \right )^4,"['f(x_i) = 0', 'x_i = 0', 'i=1,...,n']","[-5, 10]","x_i \in [-5, 10], i=1,...,n",http://infinity77.net/global_optimization/test_functions_nd_Z.html#go_benchmark.Zacharov
ZeroSum,"f_{\text{ZeroSum}}(\mathbf{x}) = \begin{cases}0 & \textrm{if} \sum_{i=1}^n x_i = 0 \\
       1 + \left(10000 \left |\sum_{i=1}^n x_i\right| \right)^{0.5} & \textrm{otherwise}\end{cases}","['f(x_i) = 0', '\\sum_{i=1}^n x_i = 0']","[-10, 10]","x_i \in [-10, 10], i=1,...,n",http://infinity77.net/global_optimization/test_functions_nd_Z.html#go_benchmark.ZeroSum
Zettl,f_{\text{Zettl}}(\mathbf{x}) = \frac{1}{4} x_{1} + \left(x_{1}^{2} - 2 x_{1} + x_{2}^{2}\right)^{2},"['f(x_i) = -0.0037912', '\\mathbf{x} = [-0.029896, 0.0]']","[-1, 5]","x_i \in [-1, 5], i=1,2",http://infinity77.net/global_optimization/test_functions_nd_Z.html#go_benchmark.Zettl
Zimmerman,"f_{\text{Zimmerman}}(\mathbf{x}) = \max \left[Zh1(x), Zp(Zh2(x))\textrm{sgn}(Zh2(x)), Zp(Zh3(x)) \textrm{sgn}(Zh3(x)), Zp(-x_1)\textrm{sgn}(x_1), Zp(-x_2)\textrm{sgn}(x_2) \right]","['f(x_i) = 0', '\\mathbf{x} = [7, 2]']","[0, 100]","x_i \in [0, 100], i=1,2",http://infinity77.net/global_optimization/test_functions_nd_Z.html#go_benchmark.Zimmerman
Zettl,f_{\text{Zirilli}}(\mathbf{x}) = 0.25x_1^4 - 0.5x_1^2 + 0.1x_1 + 0.5x_2^2,"['f(x_i) = -0.3523', '\\mathbf{x} = [-1.0465, 0]']","[-10, 10]","x_i \in [-10, 10], i=1,2",http://infinity77.net/global_optimization/test_functions_nd_Z.html#go_benchmark.Zirilli
Hansen,f_{\text{Hansen}}(\mathbf{x}) = \left[ \sum_{i=0}^4(i+1)\cos(ix_1+i+1)\right ] \left[\sum_{j=0}^4(j+1)\cos[(j+2)x_2+j+1])\right ],"['f(x_i) = -2.3458', '\\mathbf{x} = [-7.58989583, -7.70831466]']","[-10, 10]","x_i \in [-10, 10], i=1,2",http://infinity77.net/global_optimization/test_functions_nd_H.html#go_benchmark.Hansen
Hartmann3,f_{\text{Hartmann3}}(\mathbf{x}) = -\sum\limits_{i=1}^{4} c_i e^{-\sum\limits_{j=1}^{n}a_{ij}(x_j - p_{ij})^2},"['f(x_i) = -3.86278214782076', '\\mathbf{x} = [0.1, 0.55592003, 0.85218259]']","[0, 1]","x_i \in [0, 1], i=1,2,3",http://infinity77.net/global_optimization/test_functions_nd_H.html#go_benchmark.Hartmann3
Hartmann6,f_{\text{Hartmann6}}(\mathbf{x}) = -\sum\limits_{i=1}^{4} c_i e^{-\sum\limits_{j=1}^{n}a_{ij}(x_j - p_{ij})^2},"['f(x_i) = -3.32236801141551', '\\mathbf{x} = [0.20168952, 0.15001069, 0.47687398, 0.27533243, 0.31165162, 0.65730054]']","[0, 1]","x_i \in [0, 1], i=1,...,6",http://infinity77.net/global_optimization/test_functions_nd_H.html#go_benchmark.Hartmann6
HelicalValley,"f_{\text{HelicalValley}}(\mathbf{x}) = 100{[z-10\Psi(x_1,x_2)]^2+(\sqrt{x_1^2+x_2^2}-1)^2}+x_3^2","['f(x_i) = 0', '\\mathbf{x} = [1, 0, 0]']","[-np.inf, np.inf]","x_i \in [-\infty, \infty], i=1,2,3",http://infinity77.net/global_optimization/test_functions_nd_H.html#go_benchmark.HelicalValley
HimmelBlau,f_{\text{HimmelBlau}}(\mathbf{x}) = (x_1^2 + x_2 - 11)^2 + (x_1 + x_2^2 -7)^2,"['f(x_i) = 0', '\\mathbf{x} = [0, 0]']","[-6, 6]","x_i \in [-6, 6], i=1,2",http://infinity77.net/global_optimization/test_functions_nd_H.html#go_benchmark.HimmelBlau
HolderTable,f_{\text{HolderTable}}(\mathbf{x}) = - \left|{e^{\left|{1 - \frac{\sqrt{x_{1}^{2} + x_{2}^{2}}}{\pi} }\right|} \sin\left(x_{1}\right) \cos\left(x_{2}\right)}\right|,"['f(x_i) = -19.20850256788675', 'x_i = \\pm 9.664590028909654', 'i=1,2']","[-10, 10]","x_i \in [-10, 10], i=1,2",http://infinity77.net/global_optimization/test_functions_nd_H.html#go_benchmark.HolderTable
Holzman,f_{\text{Holzman}}(\mathbf{x}) = \sum_{i=0}^{99} \left [ e^{\frac{1}{x_1} (u_i-x_2)^{x_3}} -0.1(i+1) \right ],"['f(x_i) = 0', '\\mathbf{x} = [50, 25, 1.5]']","[0, 100]","x_1 \in [0, 100], x_2 \in [0, 25.6], x_3 \in [0, 5]",http://infinity77.net/global_optimization/test_functions_nd_H.html#go_benchmark.Holzman
Hosaki,f_{\text{Hosaki}}(\mathbf{x}) = \left ( 1 - 8x_1 + 7x_1^2 - \frac{7}{3}x_1^3 + \frac{1}{4}x_1^4 \right )x_2^2e^{-x_1},"['f(x_i) = -2.3458', '\\mathbf{x} = [4, 2]']","[0, 10]","x_i \in [0, 10], i=1,2",http://infinity77.net/global_optimization/test_functions_nd_H.html#go_benchmark.Hosaki
Ursem 1,f_{\text{Ursem01}}(\mathbf{x}) = - \sin(2x_1 - 0.5 \pi) - 3 \cos(x_2) - 0.5x_1,"['f(x_i) = -4.8168', '\\mathbf{x} = [1.69714, 0.0]']","[-2.5, 3]","x_1 \in [-2.5, 3], x_2 \in [-2, 2]",http://infinity77.net/global_optimization/test_functions_nd_U.html#go_benchmark.Ursem01
Ursem 3,f_{\text{Ursem03}}(\mathbf{x}) = - \sin(2.2 \pi x_1 + 0.5 \pi) \frac{2 - \lvert x_1 \rvert}{2} \frac{3 - \lvert x_1 \rvert}{2} - \sin(2.2 \pi x_2 + 0.5 \pi) \frac{2 - \lvert x_2 \rvert}{2} \frac{3 - \lvert x_2 \rvert}{2},"['f(x_i) = -3', 'x_i = 0', 'i=1,2']","[-2, 2]","x_1 \in [-2, 2], x_2 \in [-1.5, 1.5]",http://infinity77.net/global_optimization/test_functions_nd_U.html#go_benchmark.Ursem03
Ursem 4,f_{\text{Ursem04}}(\mathbf{x}) = -3 \sin(0.5 \pi x_1 + 0.5 \pi) \frac{2 - \sqrt{x_1^2 + x_2 ^ 2}}{4},"['f(x_i) = -1.5', 'x_i = 0', 'i=1,2']","[-2, 2]","x_i \in [-2, 2], i=1,2",http://infinity77.net/global_optimization/test_functions_nd_U.html#go_benchmark.Ursem04
Ursem Waves,f_{\text{UrsemWaves}}(\mathbf{x}) = -0.9x_1^2 + (x_2^2 - 4.5x_2^2)x_1x_2 + 4.7 \cos \left[ 2x_1 - x_2^2(2 + x_1) \right ] \sin(2.5 \pi x_1),"['f(x_i) = -8.5536', 'x_i = 1.2', 'i=1,2']","[-0.9, 1.2]","x_1 \in [-0.9, 1.2], x_2 \in [-1.2, 1.2]",http://infinity77.net/global_optimization/test_functions_nd_U.html#go_benchmark.UrsemWaves
Easom,f_{\text{Easom}}(\mathbf{x}) = a - \frac{a}{e^{b \sqrt{\frac{\sum_{i=1}^{n} x_i^{2}}{n}}}} + e - e^{\frac{\sum_{i=1}^{n} \cos\left(c x_i\right)}{n}},"['f(x_i) = 0', 'x_i = 0', 'i=1,2']","[-100, 100]","x_i \in [-100, 100], i=1,2",http://infinity77.net/global_optimization/test_functions_nd_E.html#go_benchmark.Easom
Egg Crate,f_{\text{EggCrate}}(\mathbf{x}) = x_1^2 + x_2^2 + 25 \left[ \sin^2(x_1) + \sin^2(x_2) \right],"['f(x_i) = 0', 'x_i = 0', 'i=1,2']","[-5, 5]","x_i \in [-5, 5], i=1,2",http://infinity77.net/global_optimization/test_functions_nd_E.html#go_benchmark.EggCrate
Egg Holder,f_{\text{EggHolder}}(\mathbf{x}) = - x_{1} \sin\left(\sqrt{\lvert{x_{1} - x_{2} -47}\rvert}\right) - \left(x_{2} + 47\right) \sin\left(\sqrt{\left|{\frac{1}{2} x_{1} + x_{2} + 47}\right|}\right),"['f(x_i) = -959.640662711', '\\mathbf{x} = [512, 404.2319]']","[-512, 512]","x_i \in [-512, 512], i=1,2",http://infinity77.net/global_optimization/test_functions_nd_E.html#go_benchmark.EggHolder
El-Attar-Vidyasagar-Dutta,f_{\text{ElAttarVidyasagarDutta}}(\mathbf{x}) = (x_1^2 + x_2 - 10)^2 + (x_1 + x_2^2 - 7)^2 + (x_1^2 + x_2^3 - 1)^2,"['f(x_i) = 1.712780354', '\\mathbf{x} = [3.40918683, -2.17143304]']","[-100, 100]","x_i \in [-100, 100], i=1,2",http://infinity77.net/global_optimization/test_functions_nd_E.html#go_benchmark.ElAttarVidyasagarDutta
Exp2,f_{\text{Exp2}}(\mathbf{x}) = \sum_{i=0}^9 \left ( e^{-ix_1/10} - 5e^{-ix_2/10} -e^{-i/10} + 5e^{-i} \right )^2,"['f(x_i) = 0', 'x_i = [1, 0.1]']","[0, 20]","x_i \in [0, 20], i=1,2",http://infinity77.net/global_optimization/test_functions_nd_E.html#go_benchmark.Exp2
Exponential,f_{\text{Exponential}}(\mathbf{x}) = -e^{-0.5 \sum_{i=1}^n x_i^2},"['f(x_i) = -1', 'x_i = 0', 'i=1,...,n']","[-1, 1]","x_i \in [-1, 1], i=1,...,n",http://infinity77.net/global_optimization/test_functions_nd_E.html#go_benchmark.Exponential
Katsuura,f_{\text{Katsuura}}(\mathbf{x}) = \prod_{i=0}^{n-1} \left [ 1 + (i+1) \sum_{k=1}^{d} \lfloor (2^k x_i) \rfloor 2^{-k} \right ],"['f(x_i) = 1', 'x_i = 0', 'i=1,...,n']","[0, 100]","x_i \in [0, 100], i=1,...,n",http://infinity77.net/global_optimization/test_functions_nd_K.html#go_benchmark.Katsuura
Keane,f_{\text{Keane}}(\mathbf{x}) = \frac{\sin^2(x_1 - x_2)\sin^2(x_1 + x_2)}{\sqrt{x_1^2 + x_2^2}},"['f(x_i) = 0.673668', '\\mathbf{x} = [0.0, 1.39325]']","[0, 10]","x_i \in [0, 10], i=1,2",http://infinity77.net/global_optimization/test_functions_nd_K.html#go_benchmark.Keane
Kowalik,f_{\text{Kowalik}}(\mathbf{x}) = \sum_{i=0}^{10} \left [ a_i - \frac{x_1(b_i^2+b_ix_2)}{b_i^2 + b_ix_3 + x_4} \right ]^2,"['f(x_i) = 0.00030748610', '\\mathbf{x} = [0.192833, 0.190836, 0.123117, 0.135766]']","[-5, 5]","x_i \in [-5, 5], i=1,...,4",http://infinity77.net/global_optimization/test_functions_nd_K.html#go_benchmark.Kowalik
Rana,f_{\text{Rana}}(\mathbf{x}) = \sum_{i=1}^{n} \left[x_{i} \sin\left(\sqrt{\lvert{x_{1} - x_{i} + 1}\rvert}\right) \cos\left(\sqrt{\lvert{x_{1} + x_{i} + 1}\rvert}\right) + \left(x_{1} + 1\right) \sin\left(\sqrt{\lvert{x_{1} + x_{i} + 1}\rvert}\right) \cos\left(\sqrt{\lvert{x_{1} - x_{i} + 1}\rvert}\right)\right],"['f(x_i) = -928.5478', 'x_i = -500', 'i=1,...,n']","[-500.000001, 500.000001]","x_i \in [-500.000001, 500.000001], i=1,...,n",http://infinity77.net/global_optimization/test_functions_nd_R.html#go_benchmark.Rana
Rastrigin,f_{\text{Rastrigin}}(\mathbf{x}) = 10n \sum_{i=1}^n \left[ x_i^2 - 10 \cos(2\pi x_i) \right],"['f(x_i) = 0', 'x_i = 0', 'i=1,...,n']","[-5.12, 5.12]","x_i \in [-5.12, 5.12], i=1,...,n",http://infinity77.net/global_optimization/test_functions_nd_R.html#go_benchmark.Rastrigin
Ripple 1,f_{\text{Ripple01}}(\mathbf{x}) = \sum_{i=1}^2 -e^{-2 \log 2 (\frac{x_i-0.1}{0.8})^2} \left[\sin^6(5 \pi x_i) + 0.1\cos^2(500 \pi x_i) \right],"['f(x_i) = -2.2', 'x_i = 0.1', 'i=1,2']","[0, 1]","x_i \in [0, 1], i=1,...,n",http://infinity77.net/global_optimization/test_functions_nd_R.html#go_benchmark.Ripple01
Ripple 25,f_{\text{Ripple25}}(\mathbf{x}) = \sum_{i=1}^2 -e^{-2 \log 2 (\frac{x_i-0.1}{0.8})^2} \left[\sin^6(5 \pi x_i) \right],"['f(x_i) = -2', 'x_i = 0.1', 'i=1,2']","[0, 1]","x_i \in [0, 1], i=1,...,n",http://infinity77.net/global_optimization/test_functions_nd_R.html#go_benchmark.Ripple25
Rosenbrock,f_{\text{Rosenbrock}}(\mathbf{x}) = \sum_{i=1}^{n-1} [100(x_i^2 - x_{i+1})^2 + (x_i - 1)^2],"['f(x_i) = 0', 'x_i = 1', 'i=1,...,n']","[-5, 10]","x_i \in [-5, 10], i=1,...,n",http://infinity77.net/global_optimization/test_functions_nd_R.html#go_benchmark.Rosenbrock
Modified Rosenbrock,f_{\text{RosenbrockModified}}(\mathbf{x}) = 74 + 100(x_2 - x_1^2)^2 + (1 - x_1)^2 - 400 e^{-\frac{(x_1+1)^2 + (x_2 + 1)^2}{0.1}},"['f(x_i) = 34.37', '\\mathbf{x} = [-0.9, -0.95]']","[-2, 2]","x_i \in [-2, 2], i=1,2",http://infinity77.net/global_optimization/test_functions_nd_R.html#go_benchmark.RosenbrockModified
Rotated Ellipse 1,f_{\text{RotatedEllipse01}}(\mathbf{x}) = 7x_1^2 - 6 \sqrt{3} x_1x_2 + 13x_2^2,"['f(x_i) = 0', '\\mathbf{x} = [0, 0]']","[-500, 500]","x_i \in [-500, 500], i=1,2",http://infinity77.net/global_optimization/test_functions_nd_R.html#go_benchmark.RotatedEllipse01
Rotated Ellipse 2,f_{\text{RotatedEllipse02}}(\mathbf{x}) = x_1^2 - x_1x_2 + x_2^2,"['f(x_i) = 0', '\\mathbf{x} = [0, 0]']","[-500, 500]","x_i \in [-500, 500], i=1,2",http://infinity77.net/global_optimization/test_functions_nd_R.html#go_benchmark.RotatedEllipse02
Salomon,f_{\text{Salomon}}(\mathbf{x}) = 1 - \cos \left (2 \pi \sqrt{\sum_{i=1}^{n} x_i^2} \right) + 0.1 \sqrt{\sum_{i=1}^n x_i^2},"['f(x_i) = 0', 'x_i = 0', 'i=1,...,n']","[-100, 100]","x_i \in [-100, 100], i=1,...,n",http://infinity77.net/global_optimization/test_functions_nd_S.html#go_benchmark.Salomon
Sargan,f_{\text{Sargan}}(\mathbf{x}) = \sum_{i=1}^{n} n \left (x_i^2 + 0.4 \sum_{i \neq j}^{n} x_ix_j \right),"['f(x_i) = 0', 'x_i = 0', 'i=1,...,n']","[-100, 100]","x_i \in [-100, 100], i=1,...,n",http://infinity77.net/global_optimization/test_functions_nd_S.html#go_benchmark.Sargan
Schaffer 1,f_{\text{Schaffer01}}(\mathbf{x}) = 0.5 + \frac{\sin^2 (x_1^2 + x_2^2)^2 - 0.5}{1 + 0.001(x_1^2 + x_2^2)^2},"['f(x_i) = 0', 'x_i = 0', 'i=1,2']","[-100, 100]","x_i \in [-100, 100], i=1,2",http://infinity77.net/global_optimization/test_functions_nd_S.html#go_benchmark.Schaffer01
Schaffer 2,f_{\text{Schaffer02}}(\mathbf{x}) = 0.5 + \frac{\sin^2 (x_1^2 - x_2^2)^2 - 0.5}{1 + 0.001(x_1^2 + x_2^2)^2},"['f(x_i) = 0', 'x_i = 0', 'i=1,2']","[-100, 100]","x_i \in [-100, 100], i=1,2",http://infinity77.net/global_optimization/test_functions_nd_S.html#go_benchmark.Schaffer02
Schaffer 3,f_{\text{Schaffer03}}(\mathbf{x}) = 0.5 + \frac{\sin^2 \left( \cos \lvert x_1^2 - x_2^2 \rvert \right ) - 0.5}{1 + 0.001(x_1^2 + x_2^2)^2},"['f(x_i) = 0.00156685', '\\mathbf{x} = [0, 1.253115]']","[-100, 100]","x_i \in [-100, 100], i=1,2",http://infinity77.net/global_optimization/test_functions_nd_S.html#go_benchmark.Schaffer03
Schaffer 4,f_{\text{Schaffer04}}(\mathbf{x}) = 0.5 + \frac{\cos^2 \left( \sin(x_1^2 - x_2^2) \right ) - 0.5}{1 + 0.001(x_1^2 + x_2^2)^2},"['f(x_i) = 0.292579', '\\mathbf{x} = [0, 1.253115]']","[-100, 100]","x_i \in [-100, 100], i=1,2",http://infinity77.net/global_optimization/test_functions_nd_S.html#go_benchmark.Schaffer04
Schmidt-Vetters,f_{\text{SchmidtVetters}}(\mathbf{x}) = \frac{1}{1 + (x_1 - x_2)^2} + \sin \left(\frac{\pi x_2 + x_3}{2} \right) + e^{\left(\frac{x_1+x_2}{x_2} - 2\right)^2},"['f(x_i) = 3', 'x_i = 0.78547', 'i=1,2,3']","[0, 10]","x_i \in [0, 10], i=1,2,3",http://infinity77.net/global_optimization/test_functions_nd_S.html#go_benchmark.SchmidtVetters
Schwefel 1,f_{\text{Schwefel01}}(\mathbf{x}) = \left(\sum_{i=1}^n x_i^2 \right)^{\alpha},"['f(x_i) = 0', 'x_i = 0', 'i=1,...,n']","[-100, 100]","x_i \in [-100, 100], i=1,...,n",http://infinity77.net/global_optimization/test_functions_nd_S.html#go_benchmark.Schwefel01
Schwefel 2,f_{\text{Schwefel02}}(\mathbf{x}) = \sum_{i=1}^n \left(\sum_{j=1}^i x_i \right)^2,"['f(x_i) = 0', 'x_i = 0', 'i=1,...,n']","[-100, 100]","x_i \in [-100, 100], i=1,...,n",http://infinity77.net/global_optimization/test_functions_nd_S.html#go_benchmark.Schwefel02
Schwefel 4,f_{\text{Schwefel04}}(\mathbf{x}) = \sum_{i=1}^n \left[(x_i - 1)^2 + (x_1 - x_i^2)^2 \right],"['f(x_i) = 0', 'x_i = 1', 'i=1,...,n']","[0, 10]","x_i \in [0, 10], i=1,...,n",http://infinity77.net/global_optimization/test_functions_nd_S.html#go_benchmark.Schwefel04
Schwefel 6,"f_{\text{Schwefel06}}(\mathbf{x}) = \max(\lvert x_1 + 2x_2 - 7 \rvert, \lvert 2x_1 + x_2 - 5 \rvert)","['f(x_i) = 0', '\\mathbf{x} = [1, 3]']","[-100, 100]","x_i \in [-100, 100], i=1,2",http://infinity77.net/global_optimization/test_functions_nd_S.html#go_benchmark.Schwefel06
Schwefel 20,f_{\text{Schwefel20}}(\mathbf{x}) = \sum_{i=1}^n \lvert x_i \rvert,"['f(x_i) = 0', 'x_i = 0', 'i=1,...,n']","[-100, 100]","x_i \in [-100, 100], i=1,...,n",http://infinity77.net/global_optimization/test_functions_nd_S.html#go_benchmark.Schwefel20
Schwefel 21,f_{\text{Schwefel21}}(\mathbf{x}) = \smash{\displaystyle\max_{1 \leq i \leq n}} \lvert x_i \rvert,"['f(x_i) = 0', 'x_i = 0', 'i=1,...,n']","[-100, 100]","x_i \in [-100, 100], i=1,...,n",http://infinity77.net/global_optimization/test_functions_nd_S.html#go_benchmark.Schwefel21
Schwefel 22,f_{\text{Schwefel22}}(\mathbf{x}) = \sum_{i=1}^n \lvert x_i \rvert + \prod_{i=1}^n \lvert x_i \rvert,"['f(x_i) = 0', 'x_i = 0', 'i=1,...,n']","[-100, 100]","x_i \in [-100, 100], i=1,...,n",http://infinity77.net/global_optimization/test_functions_nd_S.html#go_benchmark.Schwefel22
Schwefel 26,f_{\text{Schwefel26}}(\mathbf{x}) = 418.9829n - \sum_{i=1}^n x_i \sin(\sqrt{|x_i|}),"['f(x_i) = 0', 'x_i = 420.968746', 'i=1,...,n']","[-500, 500]","x_i \in [-500, 500], i=1,...,n",http://infinity77.net/global_optimization/test_functions_nd_S.html#go_benchmark.Schwefel26
Schwefel 36,f_{\text{Schwefel36}}(\mathbf{x}) = -x_1x_2(72 - 2x_1 - 2x_2),"['f(x_i) = -3456', '\\mathbf{x} = [12, 12]']","[0, 500]","x_i \in [0, 500], i=1,2",http://infinity77.net/global_optimization/test_functions_nd_S.html#go_benchmark.Schwefel36
Shekel 5,f_{\text{Shekel05}}(\mathbf{x}) = \sum_{i=1}^{m} \frac{1}{c_{i} + \sum_{j=1}^{n} (x_{j} - a_{ij})^2 }`,"['f(x_i) = -10.1527', 'x_i = 4', 'i=1,...,4']","[0, 10]","x_i \in [0, 10], i=1,...,4",http://infinity77.net/global_optimization/test_functions_nd_S.html#go_benchmark.Shekel05
Shekel 7,f_{\text{Shekel07}}(\mathbf{x}) = \sum_{i=1}^{m} \frac{1}{c_{i} + \sum_{j=1}^{n} (x_{j} - a_{ij})^2 }`,"['f(x_i) = -10.3999', 'x_i = 4', 'i=1,...,4']","[0, 10]","x_i \in [0, 10], i=1,...,4",http://infinity77.net/global_optimization/test_functions_nd_S.html#go_benchmark.Shekel07
Shekel 10,f_{\text{Shekel10}}(\mathbf{x}) = \sum_{i=1}^{m} \frac{1}{c_{i} + \sum_{j=1}^{n} (x_{j} - a_{ij})^2 }`,"['f(x_i) = -10.5319', 'x_i = 4', 'i=1,...,4']","[0, 10]","x_i \in [0, 10], i=1,...,4",http://infinity77.net/global_optimization/test_functions_nd_S.html#go_benchmark.Shekel10
Shubert 1,f_{\text{Shubert01}}(\mathbf{x}) = \left( \sum\limits_{i=1}^{5} i\cos[(i+1)x_1 + i] \right) \left( \sum\limits_{i=1}^{5} i\cos[(i+1)x_2 + i] \right),"['f(x_i) = -186.7309', '\\mathbf{x} = [-7.0835, 4.8580]']","[-10, 10]","x_i \in [-10, 10], i=1,...,n",http://infinity77.net/global_optimization/test_functions_nd_S.html#go_benchmark.Shubert01
Shubert 3,f_{\text{Shubert03}}(\mathbf{x}) = \sum_{i=1}^n \sum_{j=1}^5 j \sin \left[(j+1)x_i \right] + j,"['f(x_i) = -24.062499', '\\mathbf{x} = [5.791794, 5.791794]']","[-10, 10]","x_i \in [-10, 10], i=1,...,n",http://infinity77.net/global_optimization/test_functions_nd_S.html#go_benchmark.Shubert03
Shubert 4,f_{\text{Shubert04}}(\mathbf{x}) = \sum_{i=1}^n \sum_{j=1}^5 j \cos \left[(j+1)x_i \right] + j,"['f(x_i) = -29.016015', '\\mathbf{x} = [-0.80032121, -7.08350592]']","[-10, 10]","x_i \in [-10, 10], i=1,...,n",http://infinity77.net/global_optimization/test_functions_nd_S.html#go_benchmark.Shubert04
SineEnvelope,f_{\text{SineEnvelope}}(\mathbf{x}) = -\sum_{i=1}^{n-1}\left[\frac{\sin^2(\sqrt{x_{i+1}^2+x_{i}^2}-0.5)}{(0.001(x_{i+1}^2+x_{i}^2)+1)^2}+0.5\right],"['f(x_i) = 0', 'x_i = 0', 'i=1,...,n']","[-100, 100]","x_i \in [-100, 100], i=1,...,n",http://infinity77.net/global_optimization/test_functions_nd_S.html#go_benchmark.SineEnvelope
Six Hump Camel,f_{\text{SixHumpCamel}}(\mathbf{x}) = 4x_1^2+x_1x_2-4x_2^2-2.1x_1^4+4x_2^4+\frac{1}{3}x_1^6,"['f(x_i) = -1.031628453489877', '\\mathbf{x} = [0.08984201368301331 , -0.7126564032704135]', '\\mathbf{x} = [-0.08984201368301331, 0.7126564032704135]']","[-5, 5]","x_i \in [-5, 5], i=1,2",http://infinity77.net/global_optimization/test_functions_nd_S.html#go_benchmark.SixHumpCamel
Sodp,f_{\text{Sodp}}(\mathbf{x}) = \sum_{i=1}^{n} \lvert{x_{i}}\rvert^{i + 1},"['f(x_i) = 0', 'x_i = 0', 'i=1,...,n']","[-1, 1]","x_i \in [-1, 1], i=1,...,n",http://infinity77.net/global_optimization/test_functions_nd_S.html#go_benchmark.Sodp
Sphere,f_{\text{Sphere}}(\mathbf{x}) = \sum_{i=1}^{n} x_i^2,"['f(x_i) = 0', 'x_i = 0', 'i=1,...,n']","[-1, 1]","x_i \in [-1, 1], i=1,...,n",http://infinity77.net/global_optimization/test_functions_nd_S.html#go_benchmark.Sphere
Step,f_{\text{Step}}(\mathbf{x}) = \sum_{i=1}^{n} \left ( \lfloor x_i \rfloor + 0.5 \right )^2,"['f(x_i) = 0', 'x_i = 0.5', 'i=1,...,n']","[-100, 100]","x_i \in [-100, 100], i=1,...,n",http://infinity77.net/global_optimization/test_functions_nd_S.html#go_benchmark.Step
Stochastic,f_{\text{Stochastic}}(\mathbf{x}) = \sum_{i=1}^{n} \epsilon_i \left | {x_i - \frac{1}{i}} \right |,"['f(x_i) = 0', 'x_i = [1/n]', 'i=1,...,n']","[-5, 5]","x_i \in [-5, 5], i=1,...,n",http://infinity77.net/global_optimization/test_functions_nd_S.html#go_benchmark.Stochastic
StretchedV,f_{\text{StretchedV}}(\mathbf{x}) = \sum_{i=1}^{n-1} t^{1/4} [\sin (50t^{0.1}) + 1]^2,"['f(x_i) = 0', '\\mathbf{x} = [-9.38723188, 9.34026753]', 'n = 2']","[-10, 10]","x_i \in [-10, 10], i=1,...,n",http://infinity77.net/global_optimization/test_functions_nd_S.html#go_benchmark.StretchedV
StyblinskiTang,f_{\text{StyblinskiTang}}(\mathbf{x}) = \sum_{i=1}^{n} \left(x_i^4 - 16x_i^2 + 5x_i \right),"['f(x_i) = -39.16616570377142n', 'x_i = -2.903534018185960', 'i=1,...,n']","[-5, 5]","x_i \in [-5, 5], i=1,...,n",http://infinity77.net/global_optimization/test_functions_nd_S.html#go_benchmark.StyblinskiTang
Gear,f_{\text{Gear}}(\mathbf{x}) = \left \{ \frac{1.0}{6.931} - \frac{\lfloor x_1\rfloor \lfloor x_2 \rfloor } {\lfloor x_3 \rfloor \lfloor x_4 \rfloor } \right\}^2,"['f(x_i) = 2.7 \\cdot 10^{-12}', '\\mathbf{x} = [16, 19, 43, 49]', 'x_i']","[12, 60]","x_i \in [12, 60], i=1,...,4",http://infinity77.net/global_optimization/test_functions_nd_G.html#go_benchmark.Gear
Giunta,f_{\text{Giunta}}(\mathbf{x}) = 0.6 + \sum_{i=1}^{n} \left[\sin^{2}\left(1 - \frac{16}{15} x_i\right) - \frac{1}{50} \sin\left(4 - \frac{64}{15} x_i\right) - \sin\left(1 - \frac{16}{15} x_i\right)\right],"['f(x_i) = 0.06447042053690566', '\\mathbf{x} = [0.4673200277395354, 0.4673200169591304]']","[-1, 1]","x_i \in [-1, 1], i=1,2",http://infinity77.net/global_optimization/test_functions_nd_G.html#go_benchmark.Giunta
Goldstein-Price,f_{\text{GoldsteinPrice}}(\mathbf{x}) = \left[ 1+(x_1+x_2+1)^2(19-14x_1+3x_1^2-14x_2+6x_1x_2+3x_2^2) \right] \left[ 30+(2x_1-3x_2)^2(18-32x_1+12x_1^2+48x_2-36x_1x_2+27x_2^2) \right],"['f(x_i) = 3', '\\mathbf{x} = [0, -1]']","[-2, 2]","x_i \in [-2, 2], i=1,2",http://infinity77.net/global_optimization/test_functions_nd_G.html#go_benchmark.GoldsteinPrice
Griewank,f_{\text{Griewank}}(\mathbf{x}) = \frac{1}{4000}\sum_{i=1}^n x_i^2 - \prod_{i=1}^n\cos\left(\frac{x_i}{\sqrt{i}}\right) + 1,"['f(x_i) = 0', 'x_i = 0', 'i=1,...,n']","[-600, 600]","x_i \in [-600, 600], i=1,...,n",http://infinity77.net/global_optimization/test_functions_nd_G.html#go_benchmark.Griewank
Gulf,f_{\text{Gulf}}(\mathbf{x}) = \sum_{i=1}^m \left( e^{-\frac{\lvert y_i - x_2 \rvert^{x_3}}{x_1}    }  - t_i \right),"['f(x_i) = 0', '\\mathbf{x} = [50, 25, 1.5]']","[0, 60]","x_i \in [0, 60], i=1,2,3",http://infinity77.net/global_optimization/test_functions_nd_G.html#go_benchmark.Gulf
Odd Square,f_{\text{OddSquare}}(\mathbf{x}) = -e^{-\frac{d}{2\pi}} \cos(\pi d) \left( 1 + \frac{0.02h}{d + 0.01} \right ),"['f(x_i) = -1.0084', '\\mathbf{x} \\approx b']","[-5 np.pi, 5 np.pi]","x_i \in [-5 \pi, 5 \pi], i=1,...,n, n \leq 20",http://infinity77.net/global_optimization/test_functions_nd_O.html#go_benchmark.OddSquare
Bartels-Conn,f_{\text{BartelsConn}}(\mathbf{x}) = \lvert {x_1^2 + x_2^2 + x_1x_2} \rvert + \lvert {\sin(x_1)} \rvert + \lvert {\cos(x_2)} \rvert,"['f(x_i) = 1', 'x_i = 0', 'i=1,...,n']","[-50, 50]","x_i \in [-50, 50], i=1,...,n",http://infinity77.net/global_optimization/test_functions_nd_B.html#go_benchmark.BartelsConn
Beale,f_{\text{Beale}}(\mathbf{x}) = \left(x_1 x_2 - x_1 + 1.5\right)^{2} + \left(x_1 x_2^{2} - x_1 + 2.25\right)^{2} + \left(x_1 x_2^{3} - x_1 + 2.625\right)^{2},"['f(x_i) = 0', '\\mathbf{x} = [3, 0.5]']","[-10, 10]","x_i \in [-10, 10], i=1,2",http://infinity77.net/global_optimization/test_functions_nd_B.html#go_benchmark.Beale
Bird,f_{\text{Bird}}(\mathbf{x}) = \left(x_1 - x_2\right)^{2} + e^{\left[1 - \sin\left(x_1\right) \right]^{2}} \cos\left(x_2\right) + e^{\left[1 - \cos\left(x_2\right)\right]^{2}} \sin\left(x_1\right),"['f(x_i) = -106.7645367198034', '\\mathbf{x} = [4.701055751981055 , 3.152946019601391]', '\\mathbf{x} = [-1.582142172055011, -3.130246799635430]']","[-2np.pi, 2np.pi]","x_i \in [-2\pi, 2\pi], i=1,2",http://infinity77.net/global_optimization/test_functions_nd_B.html#go_benchmark.Bird
Bohachevsky,f_{\text{Bohachevsky}}(\mathbf{x}) = \sum_{i=1}^{n-1}\left[x_i^2 + 2x_{i+1}^2 - 0.3\cos(3\pi x_i) - 0.4\cos(4\pi x_{i+1}) + 0.7\right],"['f(x_i) = 0', 'x_i = 0', 'i=1,...,n']","[-15, 15]","x_i \in [-15, 15], i=1,...,n",http://infinity77.net/global_optimization/test_functions_nd_B.html#go_benchmark.Bohachevsky
BoxBetts,f_{\text{BoxBetts}}(\mathbf{x}) = \sum_{i=1}^k g(x_i)^2,"['f(x_i) = 0', '\\mathbf{x} = [1, 10, 1]']","[0.9, 1.2]","x_1 \in [0.9, 1.2], x_2 \in [9, 11.2], x_3 \in [0.9, 1.2]",http://infinity77.net/global_optimization/test_functions_nd_B.html#go_benchmark.BoxBetts
Branin 1,f_{\text{Branin01}}(\mathbf{x}) = \left(- 1.275 \frac{x_1^{2}}{\pi^{2}} + 5 \frac{x_1}{\pi} + x_2 -6\right)^{2} + \left(10 - \frac{5}{4 \pi} \right) \cos\left(x_1\right) + 10,"['f(x_i) = 0.39788735772973816', '\\mathbf{x} = [-\\pi, 12.275]', '\\mathbf{x} = [\\pi, 2.275]', '\\mathbf{x} = [9.42478, 2.475]']","[-5, 10]","x_1 \in [-5, 10], x_2 \in [0, 15]",http://infinity77.net/global_optimization/test_functions_nd_B.html#go_benchmark.Branin01
Branin 2,f_{\text{Branin02}}(\mathbf{x}) = \left(- 1.275 \frac{x_1^{2}}{\pi^{2}} + 5 \frac{x_1}{\pi} + x_2 -6\right)^{2} + \left(10 - \frac{5}{4 \pi} \right) \cos\left(x_1\right) \cos\left(x_2\right) + \log(x_1^2+x_2^2 +1) + 10,"['f(x_i) = 5.559037', '\\mathbf{x} = [-3.2, 12.53]']","[-5, 15]","x_i \in [-5, 15], i=1,2",http://infinity77.net/global_optimization/test_functions_nd_B.html#go_benchmark.Branin02
Brent,f_{\text{Brent}}(\mathbf{x}) = (x_1 + 10)^2 + (x_2 + 10)^2 + e^{(-x_1^2-x_2^2)},"['f(x_i) = 0', '\\mathbf{x} = [-10, -10]']","[-10, 10]","x_i \in [-10, 10], i=1,2",http://infinity77.net/global_optimization/test_functions_nd_B.html#go_benchmark.Brent
Brown,f_{\text{Brown}}(\mathbf{x}) = \sum_{i=1}^{n-1}\left[ \left(x_i^2\right)^{x_{i+1}^2+1} + \left(x_{i+1}^2\right)^{x_i^2+1} \right],"['f(x_i) = 0', 'x_i = 0', 'i=1,...,n']","[-1, 4]","x_i \in [-1, 4], i=1,...,n",http://infinity77.net/global_optimization/test_functions_nd_B.html#go_benchmark.Brown
Bukin 2,f_{\text{Bukin02}}(\mathbf{x}) = 100 (x_2 - 0.01x_1^2 + 1) + 0.01(x_1 + 10)^2,"['f(x_i) = 0', '\\mathbf{x} = [-10, 0]']","[-15, -5]","x_1 \in [-15, -5], x_2 \in [-3, 3]",http://infinity77.net/global_optimization/test_functions_nd_B.html#go_benchmark.Bukin02
Bukin 4,f_{\text{Bukin04}}(\mathbf{x}) = 100 x_2^{2} + 0.01 \lvert{x_1 + 10} \rvert,"['f(x_i) = 0', '\\mathbf{x} = [-10, 0]']","[-15, -5]","x_1 \in [-15, -5], x_2 \in [-3, 3]",http://infinity77.net/global_optimization/test_functions_nd_B.html#go_benchmark.Bukin04
Bukin 6,f_{\text{Bukin06}}(\mathbf{x}) = 100 \sqrt{ \lvert{x_2 - 0.01 x_1^{2}} \rvert} + 0.01 \lvert{x_1 + 10} \rvert,"['f(x_i) = 0', '\\mathbf{x} = [-10, 1]']","[-15, -5]","x_1 \in [-15, -5], x_2 \in [-3, 3]",http://infinity77.net/global_optimization/test_functions_nd_B.html#go_benchmark.Bukin06
Xin-She Yang 1,f_{\text{XinSheYang01}}(\mathbf{x}) = \sum_{i=1}^{n} \epsilon_i \lvert x_i \rvert^i,"['f(x_i) = 0', 'x_i = 0', 'i=1,...,n']","[-5, 5]","x_i \in [-5, 5], i=1,...,n",http://infinity77.net/global_optimization/test_functions_nd_X.html#go_benchmark.XinSheYang01
Xin-She Yang 2,f_{\text{XinSheYang02}}(\mathbf{x}) = \frac{\sum_{i=1}^{n} \lvert{x_{i}}\rvert}{e^{\sum_{i=1}^{n} \sin\left(x_{i}^{2.0}\right)}},"['f(x_i) = 0', 'x_i = 0', 'i=1,...,n']","[-2np.pi, 2np.pi]","x_i \in [-2\pi, 2\pi], i=1,...,n",http://infinity77.net/global_optimization/test_functions_nd_X.html#go_benchmark.XinSheYang02
Xin-She Yang 3,f_{\text{XinSheYang03}}(\mathbf{x}) = e^{-\sum_{i=1}^{n} (x_i/\beta)^{2m}} - 2e^{-\sum_{i=1}^{n} x_i^2} \prod_{i=1}^{n} \cos^2(x_i),"['f(x_i) = -1', 'x_i = 0', 'i=1,...,n']","[-20, 20]","x_i \in [-20, 20], i=1,...,n",http://infinity77.net/global_optimization/test_functions_nd_X.html#go_benchmark.XinSheYang03
Xin-She Yang 4,f_{\text{XinSheYang04}}(\mathbf{x}) = \left[ \sum_{i=1}^{n} \sin^2(x_i) - e^{-\sum_{i=1}^{n} x_i^2} \right ] e^{-\sum_{i=1}^{n} \sin^2 \sqrt{ \lvert x_i \rvert }},"['f(x_i) = -1', 'x_i = 0', 'i=1,...,n']","[-10, 10]","x_i \in [-10, 10], i=1,...,n",http://infinity77.net/global_optimization/test_functions_nd_X.html#go_benchmark.XinSheYang04
Xor,"f_{\text{Xor}}(\mathbf{x}) = \left[ 1 + \exp \left( - \frac{x_7}{1 + \exp(-x_1 - x_2 - x_5)} - \frac{x_8}{1 + \exp(-x_3 - x_4 - x_6)} - x_9 \right ) \right ]^{-2} \\
+ \left [ 1 + \exp \left( -\frac{x_7}{1 + \exp(-x_5)} - \frac{x_8}{1 + \exp(-x_6)} - x_9 \right ) \right] ^{-2} \\
+ \left [1 - \left\{1 + \exp \left(-\frac{x_7}{1 + \exp(-x_1 - x_5)} - \frac{x_8}{1 + \exp(-x_3 - x_6)} - x_9 \right ) \right\}^{-1} \right ]^2 \\
+ \left [1 - \left\{1 + \exp \left(-\frac{x_7}{1 + \exp(-x_2 - x_5)} - \frac{x_8}{1 + \exp(-x_4 - x_6)} - x_9 \right ) \right\}^{-1} \right ]^2","['f(x_i) = 0.9597588', '\\mathbf{x} = [1, -1, 1, -1, -1, 1, 1, -1, 0.421134]']","[-1, 1]","x_i \in [-1, 1], i=1,...,9",http://infinity77.net/global_optimization/test_functions_nd_X.html#go_benchmark.Xor
Watson,f_{\text{Watson}}(\mathbf{x}) = \sum_{i=0}^{29} \left\{ \sum_{j=0}^4 ((j - 1)a_i^j x_{j+1}) - \left[ \sum_{j=0}^5 a_i^j x_{j+1} \right ]^2 - 1 \right\}^2 + x_1^2,"['f(x_i) = 0.002288', '\\mathbf{x} = [-0.0158, 1.012, -0.2329, 1.260, -1.513, 0.9928]']","[-5, 5]","x_i \in [-5, 5], i=1,...,6",http://infinity77.net/global_optimization/test_functions_nd_W.html#go_benchmark.Watson
W / Wavy,f_{\text{Wavy}}(\mathbf{x}) = 1 - \frac{1}{n} \sum_{i=1}^{n} \cos(kx_i)e^{-\frac{x_i^2}{2}},"['f(x_i) = 0', 'x_i = 0', 'i=1,2']","[-np.pi, np.pi]","x_i \in [-\pi, \pi], i=1,2",http://infinity77.net/global_optimization/test_functions_nd_W.html#go_benchmark.Wavy
Wayburn and Seader 1,f_{\text{WayburnSeader01}}(\mathbf{x}) = (x_1^6 + x_2^4 - 17)^2 + (2x_1 + x_2 - 4)^2,"['f(x_i) = 0', '\\mathbf{x} = [1, 2]']","[-5, 5]","x_i \in [-5, 5], i=1,2",http://infinity77.net/global_optimization/test_functions_nd_W.html#go_benchmark.WayburnSeader01
Wayburn and Seader 2,f_{\text{WayburnSeader02}}(\mathbf{x}) = \left[ 1.613 - 4(x_1 - 0.3125)^2 - 4(x_2 - 1.625)^2 \right]^2 + (x_2 - 1)^2,"['f(x_i) = 0', '\\mathbf{x} = [0.2, 1]']","[-500, 500]","x_i \in [-500, 500], i=1,2",http://infinity77.net/global_optimization/test_functions_nd_W.html#go_benchmark.WayburnSeader02
Weierstrass,f_{\text{Weierstrass}}(\mathbf{x}) = \sum_{i=1}^{n} \left [ \sum_{k=0}^{kmax} a^k \cos \left( 2 \pi b^k (x_i + 0.5) \right) - n \sum_{k=0}^{kmax} a^k \cos(\pi b^k) \right ],"['f(x_i) = 4', 'x_i = 0', 'i=1,...,n']","[-0.5, 0.5]","x_i \in [-0.5, 0.5], i=1,...,n",http://infinity77.net/global_optimization/test_functions_nd_W.html#go_benchmark.Weierstrass
Whitley,f_{\text{Whitley}}(\mathbf{x}) = \sum_{i=1}^n \sum_{j=1}^n \left[\frac{(100(x_i^2-x_j)^2 + (1-x_j)^2)^2}{4000} - \cos(100(x_i^2-x_j)^2 + (1-x_j)^2)+1 \right],"['f(x_i) = 0', 'x_i = 1', 'i=1,...,n']","[-10.24, 10.24]","x_i \in [-10.24, 10.24], i=1,...,n",http://infinity77.net/global_optimization/test_functions_nd_W.html#go_benchmark.Whitley
Wolfe,f_{\text{Wolfe}}(\mathbf{x}) = \frac{4}{3}(x_1^2 + x_2^2 - x_1x_2)^{0.75} + x_3,"['f(x_i) = 0', 'x_i = 0', 'i=1,2,3']","[0, 2]","x_i \in [0, 2], i=1,2,3",http://infinity77.net/global_optimization/test_functions_nd_W.html#go_benchmark.Wolfe
Damavandi,f_{\text{Damavandi}}(\mathbf{x}) = \left[ 1 - \lvert{\frac{\sin[\pi(x_1-2)]\sin[\pi(x2-2)]}{\pi^2(x_1-2)(x_2-2)}} \rvert^5 \right] \left[2 + (x_1-7)^2 + 2(x_2-7)^2 \right],"['f(x_i) = 0.0', 'x_i = 2', 'i=1,...,n']","[0, 14]","x_i \in [0, 14], i=1,...,n",http://infinity77.net/global_optimization/test_functions_nd_D.html#go_benchmark.Damavandi
Deb 1,f_{\text{Deb01}}(\mathbf{x}) = - \frac{1}{N} \sum_{i=1}^n \sin^6(5 \pi x_i),"['f(x_i) = 0.0', '5^n', 'n']","[-1, 1]","x_i \in [-1, 1], i=1,...,n",http://infinity77.net/global_optimization/test_functions_nd_D.html#go_benchmark.Deb01
Deb 2,f_{\text{Deb02}}(\mathbf{x}) = - \frac{1}{N} \sum_{i=1}^n \sin^6 \left[ 5 \pi \left ( x_i^{3/4} - 0.05 \right) \right ],"['f(x_i) = 0.0', '5^n', 'n']","[0, 1]","x_i \in [0, 1], i=1,...,n",http://infinity77.net/global_optimization/test_functions_nd_D.html#go_benchmark.Deb02
Decanomial,f_{\text{Decanomial}}(\mathbf{x}) = 0.001 \left(\lvert{x_{2}^{4} + 12 x_{2}^{3} + 54 x_{2}^{2} + 108 x_{2} + 81.0}\rvert + \lvert{x_{1}^{10} - 20 x_{1}^{9} + 180 x_{1}^{8} - 960 x_{1}^{7} + 3360 x_{1}^{6} - 8064 x_{1}^{5} + 13340 x_{1}^{4} - 15360 x_{1}^{3} + 11520 x_{1}^{2} - 5120 x_{1} + 2624.0}\rvert\right)^{2},"['f(x_i) = 0', '\\mathbf{x} = [2, -3]']","[-10, 10]","x_i \in [-10, 10], i=1,2",http://infinity77.net/global_optimization/test_functions_nd_D.html#go_benchmark.Decanomial
Deceptive,f_{\text{Deceptive}}(\mathbf{x}) = - \left [\frac{1}{n} \sum_{i=1}^{n} g_i(x_i) \right ]^{\beta},"['f(x_i) = -1', 'x_i = \\alpha_i', 'i=1,...,n']","[0, 1]","x_i \in [0, 1], i=1,...,n",http://infinity77.net/global_optimization/test_functions_nd_D.html#go_benchmark.Deceptive
Deckkers-Aarts,f_{\text{DeckkersAarts}}(\mathbf{x}) = 10^5x_1^2 + x_2^2 - (x_1^2 + x_2^2)^2 + 10^{-5}(x_1^2 + x_2^2)^4,"['f(x_i) = -24777', '\\mathbf{x} = [0, \\pm 15]']","[-20, 20]","x_i \in [-20, 20], i=1,2",http://infinity77.net/global_optimization/test_functions_nd_D.html#go_benchmark.DeckkersAarts
DeflectedCorrugatedSpring,f_{\text{DeflectedCorrugatedSpring}}(\mathbf{x}) = 0.1\sum_{i=1}^n \left[ (x_i - \alpha)^2 - \cos \left( K \sqrt {\sum_{i=1}^n (x_i - \alpha)^2} \right ) \right ],"['f(x_i) = 0', 'x_i = \\alpha', 'i=1,...,n']","[0, 2\alpha]","x_i \in [0, 2\alpha], i=1,...,n",http://infinity77.net/global_optimization/test_functions_nd_D.html#go_benchmark.DeflectedCorrugatedSpring
DeVilliers-Glasser 1,f_{\text{DeVilliersGlasser01}}(\mathbf{x}) = \sum_{i=1}^{24} \left[ x_1x_2^{t_i} \sin(x_3t_i + x_4) - y_i \right ]^2,"['f(x_i) = 0', 'x_i = 0', '\\mathbf{x} = [60.137, 1.371, 3.112, 1.761]']","[1, 100]","x_i \in [1, 100], i=1,...,n",http://infinity77.net/global_optimization/test_functions_nd_D.html#go_benchmark.DeVilliersGlasser01
DeVilliers-Glasser 2,f_{\text{DeVilliersGlasser01}}(\mathbf{x}) = \sum_{i=1}^{24} \left[ x_1x_2^{t_i} \tanh \left [x_3t_i + \sin(x_4t_i) \right] \cos(t_ie^{x_5}) - y_i \right ]^2,"['f(x_i) = 0', 'x_i = 0', '\\mathbf{x} = [53.81, 1.27, 3.012, 2.13, 0.507]']","[1, 60]","x_i \in [1, 60], i=1,...,n",http://infinity77.net/global_optimization/test_functions_nd_D.html#go_benchmark.DeVilliersGlasser02
Dixon and Price,f_{\text{DixonPrice}}(\mathbf{x}) = (x_i - 1)^2 + \sum_{i=2}^n i(2x_i^2 - x_{i-1})^2,"['f(x_i) = 0', 'x_i = 2^{- \\frac{(2^i-2)}{2^i}}', 'i=1,...,n']","[-10, 10]","x_i \in [-10, 10], i=1,...,n",http://infinity77.net/global_optimization/test_functions_nd_D.html#go_benchmark.DixonPrice
Dolan,f_{\text{Dolan}}(\mathbf{x}) = \lvert (x_1 + 1.7x_2)\sin(x_1) - 1.5x_3 - 0.1x_4\cos(x_5 + x_5 - x_1) + 0.2x_5^2 - x_2 - 1 \rvert,"['f(x_i) = 10^{-5}', '\\mathbf{x} = [8.39045925, 4.81424707, 7.34574133, 68.88246895, 3.85470806]']","[-100, 100]","x_i \in [-100, 100], i=1,2",http://infinity77.net/global_optimization/test_functions_nd_D.html#go_benchmark.Dolan
DropWave,f_{\text{DropWave}}(\mathbf{x}) = - \frac{1 + \cos\left(12 \sqrt{\sum_{i=1}^{n} x_i^{2}}\right)}{2 + 0.5 \sum_{i=1}^{n} x_i^{2}},"['f(x_i) = -1', 'x_i = 0', 'i=1,2']","[-5.12, 5.12]","x_i \in [-5.12, 5.12], i=1,2",http://infinity77.net/global_optimization/test_functions_nd_D.html#go_benchmark.DropWave
Parsopoulos,f_{\text{Parsopoulos}}(\mathbf{x}) = \cos(x_1)^2 + \sin(x_2)^2,[],"[-5, 5]","x_i \in [-5, 5], i=1,2",http://infinity77.net/global_optimization/test_functions_nd_P.html#go_benchmark.Parsopoulos
Pathological,f_{\text{Pathological}}(\mathbf{x}) = \sum_{i=1}^{n -1} \frac{\sin^{2}\left(\sqrt{100 x_{i+1}^{2} + x_{i}^{2}}\right) -0.5}{0.001 \left(x_{i} - x_{i+1}\right)^{4} + 0.50},"['f(x_i) = -1.99600798403', 'x_i = 0', 'i=1,2']","[-100, 100]","x_i \in [-100, 100], i=1,2",http://infinity77.net/global_optimization/test_functions_nd_P.html#go_benchmark.Pathological
Paviani,f_{\text{Paviani}}(\mathbf{x}) = \sum_{i=1}^{10} \left[\log^{2}\left(10 - x_i\right) + \log^{2}\left(x_i -2\right)\right] - \left(\prod_{i=1}^{10} x_i^{10} \right)^{0.2},"['f(x_i) = -45.7784684040686', 'x_i = 9.350266', 'i=1,...,n']","[2.001, 9.999]","x_i \in [2.001, 9.999], i=1,...,n",http://infinity77.net/global_optimization/test_functions_nd_P.html#go_benchmark.Paviani
Penalty 1,"f_{\text{Penalty01}}(\mathbf{x}) = \frac{\pi}{30} \left\{10 \sin^2(\pi y_1) + \sum_{i=1}^{n-1} (y_i - 1)^2 \left[1 + 10 \sin^2(\pi y_{i+1}) \right ] + (y_n - 1)^2 \right \} + \sum_{i=1}^n u(x_i, 10, 100, 4)","['f(x_i) = 0', 'x_i = -1', 'i=1,...,n']","[-50, 50]","x_i \in [-50, 50], i=1,...,n",http://infinity77.net/global_optimization/test_functions_nd_P.html#go_benchmark.Penalty01
Penalty 2,"f_{\text{Penalty02}}(\mathbf{x}) = 0.1 \left\{\sin^2(3\pi x_1) + \sum_{i=1}^{n-1} (x_i - 1)^2 \left[1 + \sin^2(3\pi x_{i+1}) \right ] + (x_n - 1)^2 \left [1 + \sin^2(2 \pi x_n) \right ]\right \} + \sum_{i=1}^n u(x_i, 5, 100, 4)","['f(x_i) = 0', 'x_i = 1', 'i=1,...,n']","[-50, 50]","x_i \in [-50, 50], i=1,...,n",http://infinity77.net/global_optimization/test_functions_nd_P.html#go_benchmark.Penalty02
PenHolder,f_{\text{PenHolder}}(\mathbf{x}) = -e^{\left|{e^{\left|{- \frac{\sqrt{x_{1}^{2} + x_{2}^{2}}}{\pi} + 1}\right|} \cos\left(x_{1}\right) \cos\left(x_{2}\right)}\right|^{-1}},"['f(x_i) = -0.9635348327265058', 'x_i = \\pm 9.646167671043401', 'i=1,2']","[-11, 11]","x_i \in [-11, 11], i=1,2",http://infinity77.net/global_optimization/test_functions_nd_P.html#go_benchmark.PenHolder
PermFunction 1,f_{\text{PermFunction01}}(\mathbf{x}) = \sum_{k=1}^n \left\{ \sum_{j=1}^n (j^k + \beta) \left[ \left(\frac{x_j}{j}\right)^k - 1 \right] \right\}^2,"['f(x_i) = 0', 'x_i = i', 'i=1,...,n']","[-n, n+1]","x_i \in [-n, n+1], i=1,...,n",http://infinity77.net/global_optimization/test_functions_nd_P.html#go_benchmark.PermFunction01
PermFunction 2,f_{\text{PermFunction02}}(\mathbf{x}) = \sum_{k=1}^n \left\{ \sum_{j=1}^n (j + \beta) \left[ \left(x_j^k - \frac{1}{j} \right ) \right] \right\}^2,"['f(x_i) = 0', 'x_i = \\frac{1}{i}', 'i=1,...,n']","[-n, n+1]","x_i \in [-n, n+1], i=1,...,n",http://infinity77.net/global_optimization/test_functions_nd_P.html#go_benchmark.PermFunction02
Pinter,f_{\text{Pinter}}(\mathbf{x}) = \sum_{i=1}^n ix_i^2 + \sum_{i=1}^n 20i \sin^2 A + \sum_{i=1}^n i \log_{10} (1 + iB^2),"['f(x_i) = 0', 'x_i = 0', 'i=1,...,n']","[-10, 10]","x_i \in [-10, 10], i=1,...,n",http://infinity77.net/global_optimization/test_functions_nd_P.html#go_benchmark.Pinter
Plateau,f_{\text{Plateau}}(\mathbf{x}) = 30 + \sum_{i=1}^n \lfloor x_i \rfloor,"['f(x_i) = 30', 'x_i = 0', 'i=1,...,n']","[-5.12, 5.12]","x_i \in [-5.12, 5.12], i=1,...,n",http://infinity77.net/global_optimization/test_functions_nd_P.html#go_benchmark.Plateau
Powell,f_{\text{Powell}}(\mathbf{x}) = (x_3+10x_1)^2+5(x_2-x_4)^2+(x_1-2x_2)^4+10(x_3-x_4)^4,"['f(x_i) = 0', 'x_i = 0', 'i=1,...,4']","[-4, 5]","x_i \in [-4, 5], i=1,...,4",http://infinity77.net/global_optimization/test_functions_nd_P.html#go_benchmark.Powell
Power sum,f_{\text{PowerSum}}(\mathbf{x}) = \sum_{k=1}^n\left[\left(\sum_{i=1}^n x_i^k \right) - b_k \right]^2,"['f(x_i) = 0', '\\mathbf{x} = [1, 2, 2, 3]']","[0, 4]","x_i \in [0, 4], i=1,...,4",http://infinity77.net/global_optimization/test_functions_nd_P.html#go_benchmark.PowerSum
Price 1,f_{\text{Price01}}(\mathbf{x}) = (\lvert x_1 \rvert - 5)^2 + (\lvert x_2 \rvert - 5)^2,"['f(x_i) = 0.0', '\\mathbf{x} = [5, 5]', '\\mathbf{x} = [5, -5]', '\\mathbf{x} = [-5, 5]', '\\mathbf{x} = [-5, -5]']","[-500, 500]","x_i \in [-500, 500], i=1,2",http://infinity77.net/global_optimization/test_functions_nd_P.html#go_benchmark.Price01
Price 2,f_{\text{Price02}}(\mathbf{x}) = 1 + \sin^2(x_1) + \sin^2(x_2) - 0.1e^{(-x_1^2 - x_2^2)},"['f(x_i) = 0.9', 'x_i = 0', 'i=1,2']","[-10, 10]","x_i \in [-10, 10], i=1,...,n",http://infinity77.net/global_optimization/test_functions_nd_P.html#go_benchmark.Price02
Price 3,f_{\text{Price03}}(\mathbf{x}) = 100(x_2 - x_1^2)^2 + \left[6.4(x_2 - 0.5)^2 - x_1 - 0.6 \right]^2,"['f(x_i) = 0', '\\mathbf{x} = [-5, -5]', '\\mathbf{x} = [-5, 5]', '\\mathbf{x} = [5, -5]', '\\mathbf{x} = [5, 5]']","[-50, 50]","x_i \in [-50, 50], i=1,2",http://infinity77.net/global_optimization/test_functions_nd_P.html#go_benchmark.Price03
Price 4,f_{\text{Price04}}(\mathbf{x}) = (2x_1^3x_2 - x_2^3)^2 + (6x_1 - x_2^2 + x_2)^2,"['f(x_i) = 0', '\\mathbf{x} = [0, 0]', '\\mathbf{x} = [2, 4]', '\\mathbf{x} = [1.464, -2.506]']","[-50, 50]","x_i \in [-50, 50], i=1,2",http://infinity77.net/global_optimization/test_functions_nd_P.html#go_benchmark.Price04
Jennrich-Sampson,f_{\text{JennrichSampson}}(\mathbf{x}) = \sum_{i=1}^{10} \left [2 + 2i - (e^{ix_1} + e^{ix_2}) \right ]^2,"['f(x_i) = 124.3621824', '\\mathbf{x} = [0.257825, 0.257825]']","[-1, 1]","x_i \in [-1, 1], i=1,2",http://infinity77.net/global_optimization/test_functions_nd_J.html#go_benchmark.JennrichSampson
Judge,f_{\text{Judge}}(\mathbf{x}) = \sum_{i=1}^{20} \left [ \left (x_1 + A_i x_2 + B x_2^2 \right ) - C_i \right ]^2,"['f(x_i) = 16.0817307', '\\mathbf{x} = [0.86479, 1.2357]']","[-10, 10]","x_i \in [-10, 10], i=1,2",http://infinity77.net/global_optimization/test_functions_nd_J.html#go_benchmark.Judge
Langermann,f_{\text{Langermann}}(\mathbf{x}) = - \sum_{i=1}^{5} \frac{c_i \cos\left\{\pi \left[\left(x_{1}- a_i\right)^{2} + \left(x_{2} - b_i \right)^{2}\right]\right\}}{e^{\frac{\left( x_{1} - a_i\right)^{2} + \left( x_{2} - b_i\right)^{2}}{\pi}}},"['f(x_i) = -5.1621259', '\\mathbf{x} = [2.00299219, 1.006096]']","[0, 10]","x_i \in [0, 10], i=1,2",http://infinity77.net/global_optimization/test_functions_nd_L.html#go_benchmark.Langermann
LennardJones,f_{\text{LennardJones}}(\mathbf{x}) = \sum_{i=0}^{n-2}\sum_{j>1}^{n-1}\frac{1}{r_{ij}^{12}} - \frac{1}{r_{ij}^{6}},"['minima = [-1.,-3.,-6.,-9.103852,-12.712062,-16.505384,-19.821489,-24.113360, \\\\\n-28.422532,-32.765970,-37.967600,-44.326801,-47.845157,-52.322627, \\\\\n-56.815742,-61.317995, -66.530949,-72.659782,-77.1777043]']","[-4, 4]","x_i \in [-4, 4], i=1,...,n",http://infinity77.net/global_optimization/test_functions_nd_L.html#go_benchmark.LennardJones
Leon,f_{\text{Leon}}(\mathbf{x}) = \left(1 - x_{1}\right)^{2} + 100 \left(x_{2} - x_{1}^{2} \right)^{2},"['f(x_i) = 0', 'x_i = 1', 'i=1,2']","[-1.2, 1.2]","x_i \in [-1.2, 1.2], i=1,2",http://infinity77.net/global_optimization/test_functions_nd_L.html#go_benchmark.Leon
Levy 3,f_{\text{Levy03}}(\mathbf{x}) = \sin^2(\pi y_1)+\sum_{i=1}^{n-1}(y_i-1)^2[1+10\sin^2(\pi y_{i+1})]+(y_n-1)^2,"['f(x_i) = 0', 'x_i = 1', 'i=1,...,n']","[-10, 10]","x_i \in [-10, 10], i=1,...,n",http://infinity77.net/global_optimization/test_functions_nd_L.html#go_benchmark.Levy03
Levy 5,f_{\text{Levy05}}(\mathbf{x}) = \sum_{i=1}^{5} i \cos \left[(i-1)x_1 + i \right] \times \sum_{j=1}^{5} j \cos \left[(j+1)x_2 + j \right] + (x_1 + 1.42513)^2 + (x_2 + 0.80032)^2,"['f(x_i) = -176.1375', '\\mathbf{x} = [-1.3068, -1.4248]']","[-10, 10]","x_i \in [-10, 10], i=1,...,n",http://infinity77.net/global_optimization/test_functions_nd_L.html#go_benchmark.Levy05
Levy13,f_{\text{Levy13}}(\mathbf{x}) = \left(x_{1} -1\right)^{2} \left[\sin^{2}\left(3 \pi x_{2}\right) + 1\right] + \left(x_{2} -1\right)^{2} \left[\sin^{2}\left(2 \pi x_{2}\right) + 1\right] + \sin^{2}\left(3 \pi x_{1}\right),"['f(x_i) = 0', 'x_i = 1', 'i=1,2']","[-10, 10]","x_i \in [-10, 10], i=1,2",http://infinity77.net/global_optimization/test_functions_nd_L.html#go_benchmark.Levy13
Venter Sobiezcczanski-Sobieski,f_{\text{VenterSobiezcczanskiSobieski}}(\mathbf{x}) = x_1^2 - 100 \cos^2(x_1) - 100 \cos(x_1^2/30) + x_2^2 - 100 \cos^2(x_2) - 100 \cos(x_2^2/30),"['f(x_i) = -400', 'x_i = 0', 'i=1,2']","[-50, 50]","x_i \in [-50, 50], i=1,2",http://infinity77.net/global_optimization/test_functions_nd_V.html#go_benchmark.VenterSobiezcczanskiSobieski
Vincent,f_{\text{Vincent}}(\mathbf{x}) = - \sum_{i=1}^{n} \sin(10 \log(x)),"['f(x_i) = -n', 'x_i = 7.70628098', 'i=1,...,n']","[0.25, 10]","x_i \in [0.25, 10], i=1,...,n",http://infinity77.net/global_optimization/test_functions_nd_V.html#go_benchmark.Vincent
Infinity,f_{\text{Infinity}}(\mathbf{x}) = \sum_{i=1}^{n} x_i^{6} \left [ \sin\left ( \frac{1}{x_i} \right )+2 \right ],"['f(x_i) = 0', 'x_i = 0', 'i=1,...,n']","[-1, 1]","x_i \in [-1, 1], i=1,...,n",http://infinity77.net/global_optimization/test_functions_nd_I.html#go_benchmark.Infinity
Matyas,f_{\text{Matyas}}(\mathbf{x}) = 0.26(x_1^2 + x_2^2) - 0.48x_1x_2,"['f(x_i) = 0', 'x_i = 0', 'i=1,2']","[-10, 10]","x_i \in [-10, 10], i=1,2",http://infinity77.net/global_optimization/test_functions_nd_M.html#go_benchmark.Matyas
McCormick,f_{\text{McCormick}}(\mathbf{x}) = - x_{1} + 2 x_{2} + \left(x_{1} - x_{2}\right)^{2} + \sin\left(x_{1} + x_{2}\right) + 1,"['f(x_i) = -1.913222954981037', '\\mathbf{x} = [-0.5471975602214493, -1.547197559268372]']","[-1.5, 4]","x_1 \in [-1.5, 4], x_2 \in [-3, 4]",http://infinity77.net/global_optimization/test_functions_nd_M.html#go_benchmark.McCormick
Michalewicz,f_{\text{Michalewicz}}(\mathbf{x}) = - \sum_{i=1}^{2} \sin\left(x_i\right) \sin^{2 m}\left(\frac{i x_i^{2}}{\pi}\right),"['f(x_i) = -1.8013', 'x_i = 0', 'i=1,2']","[0, np.pi]","x_i \in [0, \pi], i=1,2",http://infinity77.net/global_optimization/test_functions_nd_M.html#go_benchmark.Michalewicz
Miele-Cantrell,f_{\text{MieleCantrell}}(\mathbf{x}) = (e^{-x_1} - x_2)^4 + 100(x_2 - x_3)^6 + \tan^4(x_3 - x_4) + x_1^8,"['f(x_i) = 0', '\\mathbf{x} = [0, 1, 1, 1]']","[-1, 1]","x_i \in [-1, 1], i=1,...,4",http://infinity77.net/global_optimization/test_functions_nd_M.html#go_benchmark.MieleCantrell
Mishra 1,f_{\text{Mishra01}}(\mathbf{x}) = (1 + x_n)^{x_n} \hspace{10pt} ; \hspace{10pt} x_n = n - \sum_{i=1}^{n-1} x_i,"['f(x_i) = 2', 'x_i = 1', 'i=1,...,n']","[0, 1]","x_i \in [0, 1], i=1,...,n",http://infinity77.net/global_optimization/test_functions_nd_M.html#go_benchmark.Mishra01
Mishra 2,f_{\text{Mishra02}}(\mathbf{x}) = (1 + x_n)^{x_n} \hspace{10pt} ; \hspace{10pt} x_n = n - \sum_{i=1}^{n-1} \frac{(x_i + x_{i+1})}{2},"['f(x_i) = 2', 'x_i = 1', 'i=1,...,n']","[0, 1]","x_i \in [0, 1], i=1,...,n",http://infinity77.net/global_optimization/test_functions_nd_M.html#go_benchmark.Mishra02
Mishra 3,f_{\text{Mishra03}}(\mathbf{x}) = \sqrt{\lvert \cos{\sqrt{\lvert x_1^2 + x_2^2 \rvert}} \rvert} + 0.01(x_1 + x_2),"['f(x_i) = -0.18467', 'x_i = -10', 'i=1,2']","[-10, 10]","x_i \in [-10, 10], i=1,2",http://infinity77.net/global_optimization/test_functions_nd_M.html#go_benchmark.Mishra03
Mishra 4,f_{\text{Mishra04}}(\mathbf{x}) = \sqrt{\lvert \sin{\sqrt{\lvert x_1^2 + x_2^2 \rvert}} \rvert} + 0.01(x_1 + x_2),"['f(x_i) = -0.199409', 'x_i = -10', 'i=1,2']","[-10, 10]","x_i \in [-10, 10], i=1,2",http://infinity77.net/global_optimization/test_functions_nd_M.html#go_benchmark.Mishra04
Mishra 5,f_{\text{Mishra05}}(\mathbf{x}) = \left [ \sin^2 ((\cos(x_1) + \cos(x_2))^2) + \cos^2 ((\sin(x_1) + \sin(x_2))^2) + x_1 \right ]^2 + 0.01(x_1 + x_2),"['f(x_i) = -0.119829', '\\mathbf{x} = [-1.98682, -10]']","[-10, 10]","x_i \in [-10, 10], i=1,2",http://infinity77.net/global_optimization/test_functions_nd_M.html#go_benchmark.Mishra05
Mishra 6,f_{\text{Mishra06}}(\mathbf{x}) = -\log{\left [ \sin^2 ((\cos(x_1) + \cos(x_2))^2) - \cos^2 ((\sin(x_1) + \sin(x_2))^2) + x_1 \right ]^2} + 0.01 \left[(x_1 -1)^2 + (x_2 - 1)^2 \right],"['f(x_i) = -2.28395', '\\mathbf{x} = [2.88631, 1.82326]']","[-10, 10]","x_i \in [-10, 10], i=1,2",http://infinity77.net/global_optimization/test_functions_nd_M.html#go_benchmark.Mishra06
Mishra 7,f_{\text{Mishra07}}(\mathbf{x}) = \left [\prod_{i=1}^{n} x_i - n! \right]^2,"['f(x_i) = 0', 'x_i = \\sqrt{n}', 'i=1,...,n']","[-10, 10]","x_i \in [-10, 10], i=1,...,n",http://infinity77.net/global_optimization/test_functions_nd_M.html#go_benchmark.Mishra07
Mishra 8,f_{\text{Mishra08}}(\mathbf{x}) = 0.001 \left[\lvert x_1^{10} - 20x_1^9 + 180x_1^8 - 960 x_1^7 + 3360x_1^6 - 8064x_1^5 + 13340x_1^4 - 15360x_1^3 + 11520x_1^2 - 5120x_1 + 2624 \rvert \lvert x_2^4 + 12x_2^3 + 54x_2^2 + 108x_2 + 81 \rvert \right]^2,"['f(x_i) = 0', '\\mathbf{x} = [2, -3]']","[-10, 10]","x_i \in [-10, 10], i=1,2",http://infinity77.net/global_optimization/test_functions_nd_M.html#go_benchmark.Mishra08
Mishra 9,f_{\text{Mishra09}}(\mathbf{x}) = \left[ ab^2c + abc^2 + b^2 + (x_1 + x_2 - x_3)^2 \right]^2,"['f(x_i) = 0', '\\mathbf{x} = [1, 2, 3]']","[-10, 10]","x_i \in [-10, 10], i=1,2,3",http://infinity77.net/global_optimization/test_functions_nd_M.html#go_benchmark.Mishra09
Mishra 10,f_{\text{Mishra10}}(\mathbf{x}) = \left[ \lfloor x_1 \perp x_2 \rfloor - \lfloor x_1 \rfloor - \lfloor x_2 \rfloor \right]^2,"['f(x_i) = 0', '\\mathbf{x} = [2, 2]']","[-10, 10]","x_i \in [-10, 10], i=1,2",http://infinity77.net/global_optimization/test_functions_nd_M.html#go_benchmark.Mishra10
Mishra 11,f_{\text{Mishra11}}(\mathbf{x}) = \left [ \frac{1}{n} \sum_{i=1}^{n} \lvert x_i \rvert - \left(\prod_{i=1}^{n} \lvert x_i \rvert \right )^{\frac{1}{n}} \right]^2,"['f(x_i) = 0', 'x_i = 0', 'i=1,...,n']","[-10, 10]","x_i \in [-10, 10], i=1,...,n",http://infinity77.net/global_optimization/test_functions_nd_M.html#go_benchmark.Mishra11
MultiModal,f_{\text{MultiModal}}(\mathbf{x}) = \left( \sum_{i=1}^n \lvert x_i \rvert \right) \left( \prod_{i=1}^n \lvert x_i \rvert \right),"['f(x_i) = 0', 'x_i = 0', 'i=1,...,n']","[-10, 10]","x_i \in [-10, 10], i=1,...,n",http://infinity77.net/global_optimization/test_functions_nd_M.html#go_benchmark.MultiModal
