name,latex,references,tags,domain,domain_latex,minima_latex,link
Ackley,"$$f(\textbf{x}) = f(x_1, ..., x_n)= -a.exp(-b\sqrt{\frac{1}{n}\sum_{i=1}^{n}x_i^2})-exp(\frac{1}{n}\sum_{i=1}^{n}cos(cx_i))+ a + exp(1)$$","['http://www.sfu.ca/~ssurjano/ackley.html', 'https://en.wikipedia.org/wiki/Test_functions_for_optimization', 'http://www.cs.unm.edu/~neal.holts/dga/benchmarkFunction/ackley.html']","['n-dimensional', 'continuous', 'multimodal', 'non-convex', 'differentiable']","[-32, 32]","$x_i \in [-32, 32]$ for all $i = 1,...,n$","The function has one global minimum at: $f(\textbf{x}^{\ast})=0$ at $\textbf{x}^{\ast} = (0, ..., 0)$.",https://github.com/mazhar-ansari-ardeh/BenchmarkFcns/blob/gh-pages/benchmarkfcns/ackleyfcn.markdown
Ackley N. 2,"$$f(x, y) = -200e^{-0.2\sqrt{x^2 + y^2}}$$","['omin Jamil and Xin-She Yang, A literature survey of benchmark functions for global optimization problems, Int. Journal of Mathematical Modelling and Numerical Optimisation}, Vol. 4, No. 2, pp. 150--194 (2013), [arXiv:1308.4008', '. H. Ackley, “A Connectionist Machine for Genetic Hill-Climbing,” Kluwer, 1987']","['2-dimensional', 'non-separable', 'unimodal', 'convex', 'differentiable']","[-32, 32]","$x_i \in [-32, 32]$ for $i=1, 2$","The function has a global minimum at $f(\textbf{x}^{\ast})=-200$ located at $\mathbf{x^\ast}=(0, 0)$.",https://github.com/mazhar-ansari-ardeh/BenchmarkFcns/blob/gh-pages/benchmarkfcns/ackleyn2fcn.markdown
Ackley N. 3,"$$f(x, y) = -200e^{-0.2\sqrt{x^2 + y^2}} + 5e^{cos(3x) + sin(3y)}$$","['omin Jamil and Xin-She Yang, A literature survey of benchmark functions for global optimization problems, Int. Journal of Mathematical Modelling and Numerical Optimisation}, Vol. 4, No. 2, pp. 150--194 (2013), arXiv:1308.400', '. H. Ackley, “A Connectionist Machine for Genetic Hill-Climbing,” Kluwer, 1987', 'ayak B., Dash S.K., Sahu J.B. (2019) Validation of Well-Known Population-Based Stochastic Optimization Algorithms Using Benchmark Functions. In: Bansal J., Das K., Nagar A., Deep K., Ojha A. (eds) Soft Computing for Problem Solving. Advances in Intelligent Systems and Computing, vol 816. Springer, Singapor']","['2-dimensional', 'non-separable', 'multimodal', 'non-convex', 'differentiable']","[-32, 32]","$x_i \in [-32, 32]$ for $i=1, 2$","The function has two global minima at $f(\textbf{x}^{\ast})\approx -195.629028238419$ located at $\mathbf{x^\ast}=(\pm0.682584587365898, -0.36075325513719)$.",https://github.com/mazhar-ansari-ardeh/BenchmarkFcns/blob/gh-pages/benchmarkfcns/ackleyn3fcn.markdown
Ackley N. 4,$$f(\textbf{x})=\sum_{i=1}^{n-1}\left( e^{-0.2}\sqrt{x_i^2+x_{i+1}^2} + 3\left( cos(2x_i) + sin(2x_{i+1}) \right) \right)$$,"['omin Jamil and Xin-She Yang, A literature survey of benchmark functions for global optimization problems, Int. Journal of Mathematical Modelling and Numerical Optimisation}, Vol. 4, No. 2, pp. 150--194 (2013), [arXiv:1308.4008']","['n-dimensional', 'non-separable', 'multimodal', 'non-convex', 'differentiable']","[-35, 35]","$x_i \in [-35, 35]$ for $i=1, ..., n$","On the 2-dimensional space, the function has one global minima at $f(\textbf{x}^{\ast}) = -4.590101633799122$ located at $\mathbf{x^\ast}=(-1.51, -0.755)$.",https://github.com/mazhar-ansari-ardeh/BenchmarkFcns/blob/gh-pages/benchmarkfcns/ackleyn4fcn.markdown
Adjiman,"$$f(x, y)=cos(x)sin(y) - \frac{x}{y^2+1}$$","['omin Jamil and Xin-She Yang, A literature survey of benchmark functions for global optimization problems, Int. Journal of Mathematical Modelling and Numerical Optimisation}, Vol. 4, No. 2, pp. 150--194 (2013), [arXiv:1308.4008', '. S. Adjiman, S. Sallwig, C. A. Flouda, A. Neumaier, ""A Global Optimization Method, aBB for General Twice-Differentiable NLPs-1, Theoretical Advances,"" Computers Chemical Engineering, vol. 22, no. 9, pp. 1137-1158, 1998', 'ing, A., ""Differential Evolution: Fundamentals and Applications in Electrical Engineering"", Wiley, 2009. [https://books.google.com/books?id=Pp-SHz6dIJ0C']","['2-dimensional', 'non-separable', 'multimodal', 'non-convex', 'differentiable']","[-1, 2]","$x \in [-1, 2]$ and $y \in [-1, 1]$","On the on $x \in [-1, 2]$ and $x \in [-1, 1]$ cube, the global minimum $f(\textbf{x}^{\ast})=-2.02181$ is located at $\mathbf{x^\ast}=(0, 0)$.",https://github.com/mazhar-ansari-ardeh/BenchmarkFcns/blob/gh-pages/benchmarkfcns/adjimanfcn.markdown
Alpine N. 1,"$$f(\mathbf x)=f(x_1, ..., x_n) = \sum_{i=1}^{n}|x_i sin(x_i)+0.1x_i|$$","['omin Jamil and Xin-She Yang, A literature survey of benchmark functions for global optimization problems, Int. Journal of Mathematical Modelling and Numerical Optimisation}, Vol. 4, No. 2, pp. 150--194 (2013), [arXiv:1308.4008', '. Clerc, “The Swarm and the Queen, Towards a Deterministic and Adaptive Particle Swarm Optimization, ” IEEE Congress on Evolutionary Computation, Washington DC, USA, pp. 1951-1957, 1999']","['n-dimensional', 'non-separable', 'multimodal', 'non-convex', 'differentiable']","[0, 10]","$x_i \in [0, 10]$ for $i=1, ..., n$","The function has a global minimum  $f(\textbf{x}^{\ast})=0$ located at $\mathbf{x^\ast}=(0, ..., 0)$.",https://github.com/mazhar-ansari-ardeh/BenchmarkFcns/blob/gh-pages/benchmarkfcns/alpinen1fcn.markdown
Alpine N. 2,"$$f(\mathbf x)=f(x_1, ..., x_n) = \prod_{i=1}^{n}\sqrt{x_i}sin(x_i)$$","['omin Jamil and Xin-She Yang, A literature survey of benchmark functions for global optimization problems, Int. Journal of Mathematical Modelling and Numerical Optimisation}, Vol. 4, No. 2, pp. 150--194 (2013), [arXiv:1308.4008', '. Clerc, “The Swarm and the Queen, Towards a Deterministic and Adaptive Particle Swarm Optimization, ” IEEE Congress on Evolutionary Computation, Washington DC, USA, pp. 1951-1957, 1999']","['n-dimensional', 'non-separable', 'multimodal', 'non-convex', 'differentiable']","[0, 10]","$x_i \in [0, 10]$ for $i=1, ..., n$","The function was devised By Clerc as a maximization problem and hence, the orginial paper gave  $f(\textbf{x}^{\ast})=2.808^n$, ",https://github.com/mazhar-ansari-ardeh/BenchmarkFcns/blob/gh-pages/benchmarkfcns/alpinen2fcn.markdown
Bartels Conn,"$$f(x,y)=|x^2 + y^2 + xy| + |sin(x)| + |cos(y)|$$","['omin Jamil and Xin-She Yang, A literature survey of benchmark functions for global optimization problems, Int. Journal of Mathematical Modelling and Numerical Optimisation}, Vol. 4, No. 2, pp. 150--194 (2013), [arXiv:1308.4008']","['2-dimensional', 'non-separable', 'multimodal', 'non-convex', 'non-differentiable']","[-500, 500]","$x \in [-500, 500]$ and $y \in [-500, 500]$","The global minimum $f(\textbf{x}^{\ast})=1$ is located at $\mathbf{x^\ast}=(0, 0)$.",https://github.com/mazhar-ansari-ardeh/BenchmarkFcns/blob/gh-pages/benchmarkfcns/bartelsconnfcn.markdown
Beale,"$$f(x, y) = (1.5-x+xy)^2+(2.25-x+xy^2)^2+(2.625-x+xy^3)^2$$","['http://www.sfu.ca/~ssurjano/ackley.html', 'https://en.wikipedia.org/wiki/Test_functions_for_optimization', 'http://www-optima.amp.i.kyoto-u.ac.jp/member/student/hedar/Hedar_files/TestGO_files/Page288.htm']","['2-dimensional', 'continuous', 'multimodal', 'non-convex']","[-4.5, 4.5]","$x \in [-4.5, 4.5]$ for all $i = 1, 2$","The function has one global minimum at: $f(x^*)=0$ at $\textbf{x}^{\ast} = (3, 0.5)$.",https://github.com/mazhar-ansari-ardeh/BenchmarkFcns/blob/gh-pages/benchmarkfcns/bealefcn.markdown
Bird,"$$f(x, y) = sin(x)e^{(1-cos(y))^2}+cos(y)e^{(1-sin(x))^2}+(x-y)^2$$","['omin Jamil and Xin-She Yang, A literature survey of benchmark functions for global optimization problems, Int. Journal of Mathematical Modelling and Numerical Optimisation}, Vol. 4, No. 2, pp. 150--194 (2013), [arXiv:1308.4008', '. K. Mishra, “Global Optimization By Differential Evolution and Particle Swarm Methods: Evaluation On Some Benchmark Functions,” Munich Research Papers in Economics, Available Online: [http://mpra.ub.uni-muenchen.de/1005/']","['2-dimensional', 'non-separable', 'multimodal', 'non-convex', 'differentiable']","[-2*np.pi, 2*np.pi]","$x_i \in [-2\pi, 2\pi]$ for $i=1, 2$","The function has two global minima at $f(\textbf{x}^{\ast}) = -106.764537$ located at $\mathbf{x^\ast}=(4.70104, 3.15294)$ and $\mathbf{x^\ast}=(-1.58214, -3.13024)$.",https://github.com/mazhar-ansari-ardeh/BenchmarkFcns/blob/gh-pages/benchmarkfcns/birdfcn.markdown
Bohachevsky N. 1,"$$f(x, y) = x^2 + 2y^2 -0.3cos(3\pi x)-0.4cos(4\pi y)+0.7$$",['ttp://www.sfu.ca/~ssurjano/boha.htm'],"['2-dimensional', 'continuous', 'convex', 'unimodal']","[-100, 100]","$x_i \in [-100, 100]$ for $i = 1, 2$","The function has one local minimum at: $f(\textbf{x}^{\ast}) = 0$ at $\textbf{x}^{\ast} = (0, 0)$",https://github.com/mazhar-ansari-ardeh/BenchmarkFcns/blob/gh-pages/benchmarkfcns/bohachevskyn1fcn.markdown
Bohachevsky N. 2,"$$f(x, y)=x^2 + 2y^2 -0.3cos(3\pi x)cos(4\pi y)+0.3$$","['omin Jamil and Xin-She Yang, A literature survey of benchmark functions for global optimization problems, Int. Journal of Mathematical Modelling and Numerical Optimisation}, Vol. 4, No. 2, pp. 150--194 (2013), [arXiv:1308.4008', '. O. Bohachevsky, M. E. Johnson, M. L. Stein, “General Simulated Annealing for Function Optimization,” Technometrics, vol. 28, no. 3, pp. 209-217, 1986']","['2-dimensional', 'non-separable', 'multimodal', 'non-convex', 'differentiable']","[-100, 100]","$x_i \in [-100, 100]$ for $i=1, 2$","The function has one global minimum $f(\textbf{x}^{\ast}) = 0$ located at $\mathbf{x^\ast}=(0, 0)$.",https://github.com/mazhar-ansari-ardeh/BenchmarkFcns/blob/gh-pages/benchmarkfcns/bohachevskyn2fcn.markdown
Booth,"$$f(x,y)=(x+2y-7)^2+(2x+y-5)^2$$","['http://www.sfu.ca/~ssurjano/booth.html', 'https://en.wikipedia.org/wiki/Test_functions_for_optimization', 'omin Jamil and Xin-She Yang, A literature survey of benchmark functions for global optimization problems, Int. Journal of Mathematical Modelling and Numerical Optimisation}, Vol. 4, No. 2, pp. 150--194 (2013), [arXiv:1308.4008']","['2-dimensional', 'continuous', 'convex', 'differentiable', 'non-separable', 'unimodal', 'convex']","[-10, 10]","$x_i \in [-10, 10]$ for all $i = 1,2$","The function has one global minimum at: $f(\textbf{x}^{\ast})=0$ at $\textbf{x}^{\ast} = (1,3)$.",https://github.com/mazhar-ansari-ardeh/BenchmarkFcns/blob/gh-pages/benchmarkfcns/boothfcn.markdown
Brent,"$$f(x, y) = (x + 10)^2 + (y + 10)^2 + e^{-x^2 - y^2}$$","['omin Jamil and Xin-She Yang, A literature survey of benchmark functions for global optimization problems, Int. Journal of Mathematical Modelling and Numerical Optimisation}, Vol. 4, No. 2, pp. 150--194 (2013), [arXiv:1308.4008']","['2-dimensional', 'non-separable', 'unimodal', 'convex', 'differentiable']","[-20, 0]","$x_i \in [-20, 0]$ for $i=1, 2$","The function has one global minimum at $f(\textbf{x}^{\ast})= e^{-200}$ located at $\mathbf{x^\ast}=(-10, -10)$.",https://github.com/mazhar-ansari-ardeh/BenchmarkFcns/blob/gh-pages/benchmarkfcns/brentfcn.markdown
Brown,$$f(\textbf{x}) = \sum_{i=1}^{n-1}(x_i^2)^{(x_{i+1}^{2}+1)}+(x_{i+1}^2)^{(x_{i}^{2}+1)}$$,"['omin Jamil and Xin-She Yang, A literature survey of benchmark functions for global optimization problems, Int. Journal of Mathematical Modelling and Numerical Optimisation}, Vol. 4, No. 2, pp. 150--194 (2013), [arXiv:1308.4008']","['n-dimensional', 'non-separable', 'unimodal', 'convex', 'differentiable']","[-1, 4]","$x_i \in [-1, 4]$ for $i=1, ..., n$",The function has one global minimum at $f(\textbf{x}^{\ast})= 0$ located at $\mathbf{x^\ast}=\textbf{0}$.,https://github.com/mazhar-ansari-ardeh/BenchmarkFcns/blob/gh-pages/benchmarkfcns/brownfcn.markdown
Bukin N. 6,"$$f(x,y)=100\sqrt{|y-0.01x^2|}+0.01|x+10|$$","['http://www.sfu.ca/~ssurjano/booth.html', 'https://en.wikipedia.org/wiki/Test_functions_for_optimization', 'omin Jamil and Xin-She Yang, A literature survey of benchmark functions for global optimization problems, Int. Journal of Mathematical Modelling and Numerical Optimisation}, Vol. 4, No. 2, pp. 150--194 (2013), [arXiv:1308.4008']","['2-dimensional', 'continuous', 'convex', 'non-differentiable', 'non-separable', 'multimodal', 'convex']","[-15, -5]","$x \in [-15, -5]$ and $y \in [-3, 3]$ ","The function has one global minimum at: $f(\textbf{x}^{\ast})=0$ at $\textbf{x}^{\ast} = (-10,1)$.",https://github.com/mazhar-ansari-ardeh/BenchmarkFcns/blob/gh-pages/benchmarkfcns/bukinn6fcn.markdown
Cross-in-Tray,"$$f(x,y)=-0.0001(|sin(x)sin(y)exp(|100-\frac{\sqrt{x^2+y^2}}{\pi}|)|+1)^{0.1}$$","['http://www.sfu.ca/~ssurjano/crossit.html', 'https://en.wikipedia.org/wiki/Test_functions_for_optimization', 'omin Jamil and Xin-She Yang, A literature survey of benchmark functions for global optimization problems, Int. Journal of Mathematical Modelling and Numerical Optimisation}, Vol. 4, No. 2, pp. 150--194 (2013), [arXiv:1308.4008']","['2-dimensional', 'continuous', 'non-differentiable', 'non-separable', 'multimodal', 'non-convex']","[-10, 10]","$x \in [-10, 10]$ and $y \in [-10, 10]$ ","The function has four global minima $f(\textbf{x}^{\ast})=-2.06261218$ at $\textbf{x}^{\ast} = (\pm1.349406685353340,\pm1.349406608602084)$.",https://github.com/mazhar-ansari-ardeh/BenchmarkFcns/blob/gh-pages/benchmarkfcns/crossintrayfcn.markdown
Deckkers-Aarts,"$$f(x, y) = 10^5x^2 + y^2 -(x^2 + y^2)^2 + 10^{-5}(x^2 + y^2)^4$$","['omin Jamil and Xin-She Yang, A literature survey of benchmark functions for global optimization problems, Int. Journal of Mathematical Modelling and Numerical Optimisation}, Vol. 4, No. 2, pp. 150--194 (2013), [arXiv:1308.4008', '. M. Ali, C. Khompatraporn, Z. B. Zabinsky, “A Numerical Evaluation of Several Stochastic Algorithms on Selected Continuous Global Optimization Test Problems,” Journal of Global Optimization, vol. 31, pp. 635-672, 2005']","['2-dimensional', 'continuous', 'differentiable', 'non-separable', 'multimodal', 'non-convex']","[-20, 20]","$x_i \in [-20, 20]$ for $i=1, ..., n$","The global minima $f(\textbf{x}^{\ast})=-24771.09375$ are located at $\mathbf{x^\ast}=(0, \pm 15)$.",https://github.com/mazhar-ansari-ardeh/BenchmarkFcns/blob/gh-pages/benchmarkfcns/deckkersaartsfcn.markdown
Drop-Wave,"$$f(x, y) = - \frac{1 + cos(12\sqrt{x^{2} + y^{2}})}{(0.5(x^{2} + y^{2}) + 2)}$$",['ttp://www.sfu.ca/~ssurjan'],"['2-dimensional', 'continuous', 'unimodal', 'non-convex']","[-5.2, 5.2]","$x_i \in [-5.2, 5.2]$ for $i = 1, 2$","$f(\textbf{x}^{\ast}) = -1$ at $\textbf{x}^{\ast} = (0, 0)$",https://github.com/mazhar-ansari-ardeh/BenchmarkFcns/blob/gh-pages/benchmarkfcns/dropwavefcn.markdown
Easom,"$$f(x,y)=−cos(x)cos(y) exp(−(x − \pi)^2−(y − \pi)^2)$$","['http://www.sfu.ca/~ssurjano/easom.html', 'https://en.wikipedia.org/wiki/Test_functions_for_optimization', 'omin Jamil and Xin-She Yang, A literature survey of benchmark functions for global optimization problems, Int. Journal of Mathematical Modelling and Numerical Optimisation}, Vol. 4, No. 2, pp. 150--194 (2013), [arXiv:1308.4008', 'http://www-optima.amp.i.kyoto-u.ac.jp/member/student/hedar/Hedar_files/TestGO_files/Page1361.htm']","['2-dimensional', 'continuous', 'differentiable', 'separable', 'multimodal', 'non-convex']","[-100, 100]","$x \in [-100, 100]$ and $y \in [-100, 100]$ ","The function has four global minima $f(x^{\ast}, y^{\ast})=-1$ at $(x^{\ast}, y^{\ast}) = (\pi,\pi)$.",https://github.com/mazhar-ansari-ardeh/BenchmarkFcns/blob/gh-pages/benchmarkfcns/easomfcn.markdown
Egg Crate,"$$f(x,y)=x^2 + y^2 + 25(sin^2(x) + sin^2(y))$$","['omin Jamil and Xin-She Yang, A literature survey of benchmark functions for global optimization problems, Int. Journal of Mathematical Modelling and Numerical Optimisation}, Vol. 4, No. 2, pp. 150--194 (2013), [arXiv:1308.4008', 'http://al-roomi.org/benchmarks/unconstrained/2-dimensions/122-egg-crate-function', 'hawdhry, P. K., Roy, R., & Pant, R. K. (2012). Soft Computing in Engineering Design and Manufacturing. London: Springer Science & Business Media', 'ang, X.S. (2008). Nature-Inspired Metaheuristic Algorithms, Luniver Press']","['2-dimensional', 'continuous', 'differentiable', 'separable', 'multimodal', 'non-convex']","[-5, 5]","$x_i \in [-5, 5]$ for $i=1, 2$","The global minimum $f(\textbf{x}^{\ast})=0$ is located at $\mathbf{x^\ast}=(0, 0)$.",https://github.com/mazhar-ansari-ardeh/BenchmarkFcns/blob/gh-pages/benchmarkfcns/eggcratefcn.markdown
Exponential,"$$f(\mathbf{x})=f(x_1, ..., x_n)=-exp(-0.5\sum_{i=1}^n{x_i^2})$$","['omin Jamil and Xin-She Yang, A literature survey of benchmark functions for global optimization problems, Int. Journal of Mathematical Modelling and Numerical Optimisation}, Vol. 4, No. 2, pp. 150--194 (2013), [arXiv:1308.4008', '. Rahnamyan, H. R. Tizhoosh, N. M. M. Salama, “Opposition-Based Differential Evolution (ODE) with Variable Jumping Rate,” IEEE Sympousim Foundations Computation Intelligence, Honolulu, HI, pp. 81-88, 2007']","['n-dimensional', 'continuous', 'differentiable', 'non-separable', 'unimodal', 'convex']","[-1, 1]","$x_i \in [-1, 1]$ for $i=1, ..., n$",The function has one global minimum $f(\textbf{x}^{\ast})=$ at $\mathbf{x^\ast}=0$.,https://github.com/mazhar-ansari-ardeh/BenchmarkFcns/blob/gh-pages/benchmarkfcns/exponentialfcn.markdown
Goldstein-Price,"$$f(x,y)=[1 + (x + y + 1)^2(19 − 14x+3x^2− 14y + 6xy + 3y^2)][30 + (2x − 3y)^2(18 − 32x + 12x^2 + 4y − 36xy + 27y^2)]$$","['http://www.sfu.ca/~ssurjano/goldpr.html', 'https://en.wikipedia.org/wiki/Test_functions_for_optimization', 'omin Jamil and Xin-She Yang, A literature survey of benchmark functions for global optimization problems, Int. Journal of Mathematical Modelling and Numerical Optimisation}, Vol. 4, No. 2, pp. 150--194 (2013), [arXiv:1308.4008']","['2-dimensional', 'continuous', 'differentiable', 'non-separable', 'multimodal', 'non-convex']","[-2, 2]","$x \in [-2, 2]$ and $y \in [-2, 2]$ ","The function has four global minima $f(\textbf{x}^{\ast})=3$ at $\textbf{x}^{\ast} = (0, -1)$.",https://github.com/mazhar-ansari-ardeh/BenchmarkFcns/blob/gh-pages/benchmarkfcns/goldsteinpricefcn.markdown
Gramacy & Lee,$$f(x) = \frac{sin(10\pi x)}{2x} + (x-1)^4$$,"['http://www.sfu.ca/~ssurjano/boha.html', 'http://al-roomi.org/benchmarks/unconstrained/1-dimension/258-gramacy-lee-s-function-no-1']","['1-dimensional', 'continuous', 'multimodal', 'non-convex']","[-0.5, 2.5]","$x \in [-0.5, 2.5]$",The function has one local minimum at: $f(x^*)=-0.869011134989500$ at $\textbf{x}^{\ast} = 0.548563444114526$.,https://github.com/mazhar-ansari-ardeh/BenchmarkFcns/blob/gh-pages/benchmarkfcns/gramacyleefcn.markdown
Griewank,"$$f(\textbf{x}) = f(x_1, ..., x_n) = 1 + \sum_{i=1}^{n} \frac{x_i^{2}}{4000} - \prod_{i=1}^{n}cos(\frac{x_i}{\sqrt{i}})$$",['ttp://www.sfu.ca/~ssurjan'],"['n-dimensional', 'continuous', 'unimodal', 'non-convex', 'non-separable']","[-600, 600]","$x_i \in [-600, 600]$ for $i = 1, ..., n$","$f(\textbf{x}^{\ast}) = 0$ at $\textbf{x}^{\ast} = (0, ..., 0)$",https://github.com/mazhar-ansari-ardeh/BenchmarkFcns/blob/gh-pages/benchmarkfcns/griewankfcn.markdown
Happy Cat,$$f(\textbf{x})=\left[\left(||\textbf{x}||^2 - n\right)^2\right]^\alpha + \frac{1}{n}\left(\frac{1}{2}||\textbf{x}||^2+\sum_{i=1}^{n}x_i\right)+\frac{1}{2}$$,"['ans-Georg Beyer and Steffen Finck, HappyCat – A Simple Function Class Where Well-Known Direct Search Algorithms Do Fail, Parallel Problem Solving from Nature - PPSN XII, pp. 367--376 (2012), [https://doi.org/10.1007/978-3-642-32937-1_37']","['n-dimensional', 'non-separable', 'multimodal', 'non-convex', 'differentiable', 'parametric']","[-2, 2]","$x_i \in [-2, 2]$ for $i=1, ..., n$","The function has one global minimum at $f(\textbf{x}^{\ast}) = 0$ located at $\mathbf{x^\ast}=(-1, ..., -1)$.",https://github.com/mazhar-ansari-ardeh/BenchmarkFcns/blob/gh-pages/benchmarkfcns/happycatfcn.markdown
Himmelblau,"$$f(x, y) = (x^{2} + y - 11)^{2} + (x + y^{2} - 7)^{2}$$",['ttps://en.wikipedia.org/wiki/Himmelblau%27s_functio'],"['2-dimensional', 'continuous', 'multimodal', 'non-convex']","[-6, 6]","$x_i \in [-6, 6]$ for $i = 1, 2$",The function has four local minima at: ,https://github.com/mazhar-ansari-ardeh/BenchmarkFcns/blob/gh-pages/benchmarkfcns/himmelblaufcn.markdown
Holder-Table,"$$f(x,y)=-|sin(x)cos(y)exp(|1-\frac{\sqrt{x^2+y^2}}{\pi}|)|$$","['http://www.sfu.ca/~ssurjano/holder.html', 'https://en.wikipedia.org/wiki/Test_functions_for_optimization']","['2-dimensional', 'continuous', 'non-differentiable', 'non-separable', 'multimodal', 'non-convex']","[-10, 10]","$x \in [-10, 10]$ and $y \in [-10, 10]$ ","The function has four global minima $f(\textbf{x}^{\ast})=-19.2085$ at $\textbf{x}^{\ast} = (\pm 8.05502,\pm 9.66459)$.",https://github.com/mazhar-ansari-ardeh/BenchmarkFcns/blob/gh-pages/benchmarkfcns/holdertablefcn.markdown
Keane,"$$f(x,y)=-\frac{\sin^2(x-y)\sin^2(x+y)}{\sqrt{x^2+y^2}}$$","['omin Jamil and Xin-She Yang, A literature survey of benchmark functions for global optimization problems, Int. Journal of Mathematical Modelling and Numerical Optimisation}, Vol. 4, No. 2, pp. 150--194 (2013), [arXiv:1308.4008', 'http://al-roomi.org/benchmarks/unconstrained/2-dimensions/135-keane-s-function']","['2-dimensional', 'continuous', 'differentiable', 'non-separable', 'multimodal', 'non-convex']","[0, 10]","$x_i \in [0, 10]$ for $i=1, 2$",The function has two global minima $f(\textbf{x}^{\ast})=0.673667521146855$ at ,https://github.com/mazhar-ansari-ardeh/BenchmarkFcns/blob/gh-pages/benchmarkfcns/kealefcn.markdown
Leon,"$$f(x, y) = 100(y − x^{3})^2 + (1 − x)^2$$","['omin Jamil and Xin-She Yang, A literature survey of benchmark functions for global optimization problems, Int. Journal of Mathematical Modelling and Numerical Optimisation}, Vol. 4, No. 2, pp. 150--194 (2013), [arXiv:1308.4008', '. Lavi, T. P. Vogel (eds), “Recent Advances in Optimization Techniques,” John Wiley & Sons, 196', 'http://al-roomi.org/benchmarks/unconstrained/2-dimensions/125-leon-s-function']","['2-dimensional', 'continuous', 'differentiable', 'non-separable', 'unimodal', 'non-convex']","[0, 10]","$x_i \in [0, 10]$ for $i=1, 2$","The function has one global minimum $f(\textbf{x}^{\ast})=0$ at $\textbf{x}^{\ast} = (1,1)$.",https://github.com/mazhar-ansari-ardeh/BenchmarkFcns/blob/gh-pages/benchmarkfcns/leonfcn.markdown
Levi N. 13,"$$f(x, y) = sin^2(3\pi x)+(x-1)^2(1+sin^2(3\pi y))+(y-1)^2(1+sin^2(2\pi y))$$","['http://www.sfu.ca/~ssurjano/levy13.html', 'https://en.wikipedia.org/wiki/Test_functions_for_optimization']","['2-dimensional', 'continuous', 'differentiable', 'non-separable', 'multimodal', 'non-convex']","[-10, 10]","$x \in [-10, 10]$ and $y \in [-10, 10]$ ","The function has one global minimum $f(\textbf{x}^{\ast})=0$ at $\textbf{x}^{\ast} = (1, 1)$.",https://github.com/mazhar-ansari-ardeh/BenchmarkFcns/blob/gh-pages/benchmarkfcns/levin13fcn.markdown
Matyas,"$$f(x, y)=0.26(x^2+y^2) -0.48xy$$","['http://www.sfu.ca/~ssurjano/matya.html', 'https://en.wikipedia.org/wiki/Test_functions_for_optimization', 'omin Jamil and Xin-She Yang, A literature survey of benchmark functions for global optimization problems, Int. Journal of Mathematical Modelling and Numerical Optimisation}, Vol. 4, No. 2, pp. 150--194 (2013), [arXiv:1308.4008']","['2-dimensional', 'continuous', 'differentiable', 'non-separable', 'unimodal', 'convex']","[-10, 10]","$x \in [-10, 10]$ and $y \in [-10, 10]$ ","The function has one global minimum $f(\textbf{x}^{\ast})=0$ at $\textbf{x}^{\ast} = (0, 0)$.",https://github.com/mazhar-ansari-ardeh/BenchmarkFcns/blob/gh-pages/benchmarkfcns/matyasfcn.markdown
McCormick,"$$f(x, y)=sin(x + y) + (x - y) ^2 - 1.5x + 2.5 y + 1$$","['http://www.sfu.ca/~ssurjano/mccorm.html', 'https://en.wikipedia.org/wiki/Test_functions_for_optimization', 'omin Jamil and Xin-She Yang, A literature survey of benchmark functions for global optimization problems, Int. Journal of Mathematical Modelling and Numerical Optimisation}, Vol. 4, No. 2, pp. 150--194 (2013), [arXiv:1308.4008']","['2-dimensional', 'continuous', 'differentiable', 'multimodal', 'non-scalable', 'convex']","[-1.5, 4]","$x \in [-1.5, 4]$ and $y \in [-3, 3]$ ","The function has one global minimum $f(\textbf{x}^{\ast})\approx −1.9133$ at $\textbf{x}^{\ast} = (−0.547,−1.547)$.",https://github.com/mazhar-ansari-ardeh/BenchmarkFcns/blob/gh-pages/benchmarkfcns/mccormickfcn.markdown
Periodic,$$f(\mathbf{x})=f(x_1 ... x_n)=1 + \sum_{i=1}^{n}{sin^2(x_i)}-0.1e^{(\sum_{i=1}^{n}x_i^2)}$$,"['omin Jamil and Xin-She Yang A literature survey of benchmark functions for global optimization problems Int. Journal of Mathematical Modelling and Numerical Optimisation} Vol. 4 No. 2 pp. 150--194 (2013) [arXiv:1308.4008', '. M. Ali C. Khompatraporn Z. B. Zabinsky “A Numerical Evaluation of Several Stochastic Algorithms on Selected Continuous Global Optimization Test Problems,” Journal of Global Optimization vol. 31 pp. 635-672 2005']","['n-dimensional', 'continuous', 'differentiable', 'non-separable', 'multimodal', 'non-convex']",[-10 10],$x_i \in [-10 10]$ for $i=1 ... n$,The function has on global minimum $f(\mathbf{x}^{\ast})=0.9$ at $\mathbf{x}^{\ast}=(0 ... 0)$.,https://github.com/mazhar-ansari-ardeh/BenchmarkFcns/blob/gh-pages/benchmarkfcns/periodicfcn.markdown
Powell Sum,"$$f(\mathbf{x})=f(x_1, ..., x_n)=\sum_{i=1}^{n}|x_i|^{i+1}$$","['omin Jamil and Xin-She Yang, A literature survey of benchmark functions for global optimization problems, Int. Journal of Mathematical Modelling and Numerical Optimisation}, Vol. 4, No. 2, pp. 150--194 (2013), [arXiv:1308.4008', '. Rahnamyan, H. R. Tizhoosh, N. M. M. Salama, “A Novel Population Initialization Method for Accelerating Evolutionary Algorithms,” Computers and Mathematics with Applications, vol. 53, no. 10, pp. 1605-1614, 2007', 'ukhopadhyay, Sumitra; Das, Soumyadip, (2016), A System on Chip Development of Customizable GA Architecture for Real Parameter Optimization Problem, in Handbook of Research on Natural Computing for Optimization Problems, IGI Global']","['n-dimensional', 'continuous', 'non-differentiable', 'separable', 'unimodal', 'convex']","[-1, 1]","$x_i \in [-1, 1]$ for $i=1, ..., n$",The function has one global minimum $f(\mathbf{x}^{\ast})=0$ at $\mathbf{x}^{\ast} = 0$.,https://github.com/mazhar-ansari-ardeh/BenchmarkFcns/blob/gh-pages/benchmarkfcns/powellsumfcn.markdown
Qing,"$$f(\mathbf{x})=f(x_1, ..., x_n)=\sum_{i=1}^{n}(x^2-i)^2$$","['omin Jamil and Xin-She Yang, A literature survey of benchmark functions for global optimization problems, Int. Journal of Mathematical Modelling and Numerical Optimisation}, Vol. 4, No. 2, pp. 150--194 (2013), [arXiv:1308.4008', '. Qing, “Dynamic Differential Evolution Strategy and Applications in Electromagnetic Inverse Scattering Problems,” IEEE Transactions on Geoscience and remote Sensing, vol. 44, no. 1, pp. 116-125, 2006']","['n-dimensional', 'continuous', 'differentiable', 'non-separable', 'multimodal', 'non-convex']","[-500, 500]","$x_i \in [-500, 500]$ for $i=1, ..., n$","The global minima $f(\textbf{x}^{\ast})=0$ are located at $\mathbf{x^\ast}=(\pm\sqrt{i}, ..., \pm\sqrt{i})$.",https://github.com/mazhar-ansari-ardeh/BenchmarkFcns/blob/gh-pages/benchmarkfcns/qingfcn.markdown
Quartic,"$$f(\mathbf{x})=f(x_1,...,x_n)=\sum_{i=1}^{n}ix_i^4+\text{random}[0,1)$$","['omin Jamil and Xin-She Yang, A literature survey of benchmark functions for global optimization problems, Int. Journal of Mathematical Modelling and Numerical Optimisation}, Vol. 4, No. 2, pp. 150--194 (2013), [arXiv:1308.4008', 'http://www.cs.unm.edu/~neal.holts/dga/benchmarkFunction/quartic.html', '. Storn, K. Price, “Differntial Evolution - A Simple and Efficient Adaptive Scheme for Global Optimization over Continuous Spaces,” Technical Report no. TR-95-012, International Computer Science Institute, Berkeley, CA, 1996. [Available Online']","['n-dimensional', 'continuous', 'differentiable', 'separable', 'multimodal', 'random', 'non-convex']","[-1.28, 1.28]","$x_i \in [-1.28, 1.28]$ for $i=1, ..., n$","The function has one global minimum $f(\textbf{x}^{\ast})=0 + \it\text{random noise}$ at $\textbf{x}^{\ast} = (0, ..., 0)$.",https://github.com/mazhar-ansari-ardeh/BenchmarkFcns/blob/gh-pages/benchmarkfcns/quarticfcn.markdown
Rastrigin,"$$f(\textbf{x})=f(x_1, ..., x_n)=10n + \sum_{i=1}^{n}(x_i^2 - 10cos(2\pi x_i))$$","['http://www.sfu.ca/~ssurjano/rastr.html', 'https://en.wikipedia.org/wiki/Test_functions_for_optimization']","['n-dimensional', 'continuous', 'differentiable', 'separable', 'multimodal', 'convex']","[-5.12, 5.12]","$x_i \in [-5.12, 5.12]$ for $i = 1, ..., n$ ","The function has one global minimum $f(\textbf{x}^{\ast})=0 at $\textbf{x}^{\ast} = (0, 0)$.",https://github.com/mazhar-ansari-ardeh/BenchmarkFcns/blob/gh-pages/benchmarkfcns/rastriginfcn.markdown
Ridge,$$f(\textbf{x}) = x_1 + d\left(\sum_{i=2}^{n}x_i^2\right)^\alpha$$,"['eyer HG., Finck S. (2012) HappyCat – A Simple Function Class Where Well-Known Direct Search Algorithms Do Fail. In: Coello C.A.C., Cutello V., Deb K., Forrest S., Nicosia G., Pavone M. (eds) Parallel Problem Solving from Nature - PPSN XII. PPSN 2012. Lecture Notes in Computer Science, vol 7491. Springer, Berlin, Heidelberg, [https://doi.org/10.1007/978-3-642-32937-1_37', 'yman, A.I.: Convergence Behavior of Evolution Strategies on Ridge Functions. Ph.D. Thesis, University of Dortmund, Department of Computer Science (1999']","['n-dimensional', 'non-separable', 'unimodal', 'non-convex', 'differentiable']","[-5, 5]","$x_i \in [-5, 5]$ for $i=1, 2$","The global minimum of the function depends on the hypercube it is defined on. On the hypercube $$[-\gamma, \gamma]^n$$, $f(\textbf{x}^{\ast})= -\gamma$ located at $\mathbf{x^\ast}=(-\gamma, 0, ..., 0)$.",https://github.com/mazhar-ansari-ardeh/BenchmarkFcns/blob/gh-pages/benchmarkfcns/ridgefcn.markdown
Rosenbrock,"$$f(\textbf{x})=f(x_1, ..., x_n)=\sum_{i=1}^{n-1}[b (x_{i+1} - x_i^2)^ 2 + (a - x_i)^2]$$","['http://www.sfu.ca/~ssurjano/rosen.html', 'https://en.wikipedia.org/wiki/Test_functions_for_optimization', 'omin Jamil and Xin-She Yang, A literature survey of benchmark functions for global optimization problems, Int. Journal of Mathematical Modelling and Numerical Optimisation}, Vol. 4, No. 2, pp. 150--194 (2013), [arXiv:1308.4008']","['n-dimensional', 'continuous', 'differentiable', 'non-separable', 'multimodal', 'non-convex']","[-5, 10]","$x_i \in [-5, 10]$ for $i=1, ..., n$ ","The function has one global minimum $f(\textbf{x}^{\ast})=0$ at $\textbf{x}^{\ast} = (1, ..., 1)$.",https://github.com/mazhar-ansari-ardeh/BenchmarkFcns/blob/gh-pages/benchmarkfcns/rosenbrockfcn.markdown
Salomon,"$$f(\mathbf x)=f(x_1, ..., x_n)=1-cos(2\pi\sqrt{\sum_{i=1}^{D}x_i^2})+0.1\sqrt{\sum_{i=1}^{D}x_i^2}$$","['omin Jamil and Xin-She Yang, A literature survey of benchmark functions for global optimization problems, Int. Journal of Mathematical Modelling and Numerical Optimisation}, Vol. 4, No. 2, pp. 150--194 (2013), [arXiv:1308.4008', 'http://profesores.elo.utfsm.cl/~tarredondo/info/soft-comp/functions/node12.html', '. Salomon, “Re-evaluating Genetic Algorithm Performance Under Corodinate Rotation of Benchmark Functions: A Survey of Some Theoretical and Practical Aspects of Genetic Algorithms,” BioSystems, vol. 39, no. 3, pp. 263-278, 1996']","['n-dimensional', 'continuous', 'differentiable', 'non-separable', 'multimodal', 'non-convex']","[-100, 100]","$x_i \in [-100, 100]$ for $i=1, ..., n$","The function has one global minimum $f(\textbf{x}^{\ast})=0$ at $\textbf{x}^{\ast} = (0, ..., 0)$.",https://github.com/mazhar-ansari-ardeh/BenchmarkFcns/blob/gh-pages/benchmarkfcns/salomonfcn.markdown
Schaffer N. 1,"$$f(x, y)=0.5 + \frac{sin^2(x^2+y^2)^2-0.5}{(1+0.001(x^2+y^2))^2}$$","['omin Jamil and Xin-She Yang, A literature survey of benchmark functions for global optimization problems, Int. Journal of Mathematical Modelling and Numerical Optimisation}, Vol. 4, No. 2, pp. 150--194 (2013), [arXiv:1308.4008', '. K. Mishra, “Some New Test Functions For Global Optimization And Performance of Repulsive Particle Swarm Method,” [Available Online']","['2-dimensional', 'continuous', 'differentiable', 'non-separable', 'unimodal', 'non-convex']","[-100, 100]","$x_i \in [-100, 100]$ for $i=1, 2$","The function has one global minimum $f(\textbf{x}^{\ast})=0$ at $\textbf{x}^{\ast} = (0, 0)$.",https://github.com/mazhar-ansari-ardeh/BenchmarkFcns/blob/gh-pages/benchmarkfcns/schaffern1fcn.markdown
Schaffer N. 2,"$$f(x, y)=0.5 + \frac{sin^2(x^2-y^2)-0.5}{(1+0.001(x^2+y^2))^2}$$","['http://www.sfu.ca/~ssurjano/schaffer2.html', 'https://en.wikipedia.org/wiki/Test_functions_for_optimization', 'omin Jamil and Xin-She Yang, A literature survey of benchmark functions for global optimization problems, Int. Journal of Mathematical Modelling and Numerical Optimisation}, Vol. 4, No. 2, pp. 150--194 (2013), [arXiv:1308.4008', '. K. Mishra, “Some New Test Functions For Global Optimization And Performance of Repulsive Particle Swarm Method,” [Available Online']","['2-dimensional', 'continuous', 'differentiable', 'non-separable', 'unimodal', 'non-convex']","[-100, 100]","$x_i \in [-100, 100]$ for $i=1, 2$","The function has one global minimum $f(\textbf{x}^{\ast})=0.0$ at $\textbf{x}^{\ast} = (0, 0)$.",https://github.com/mazhar-ansari-ardeh/BenchmarkFcns/blob/gh-pages/benchmarkfcns/schaffern2fcn.markdown
Schaffer N. 3,"$$f(x, y)=0.5 + \frac{sin^2(cos(|x^2-y^2|))-0.5}{(1+0.001(x^2+y^2))^2}$$","['. K. Mishra, “Some New Test Functions For Global Optimization And Performance of Repulsive Particle Swarm Method,” [Available Online', 'omin Jamil and Xin-She Yang, A literature survey of benchmark functions for global optimization problems, Int. Journal of Mathematical Modelling and Numerical Optimisation}, Vol. 4, No. 2, pp. 150--194 (2013), [arXiv:1308.4008']","['2-dimensional', 'continuous', 'differentiable', 'non-convex', 'unimodal', 'non-separable,', 'non-convex']","[-100, 100]","$x_i \in [-100, 100]$ for $i=1, 2$","The function has one global minimum $f(\textbf{x}^{\ast})=0.00156685$ at $\textbf{x}^{\ast} = (0, 1.253115)$.",https://github.com/mazhar-ansari-ardeh/BenchmarkFcns/blob/gh-pages/benchmarkfcns/schaffern3fcn.markdown
Schaffer N. 4,"$$f(x, y)=0.5 + \frac{cos^2(sin(|x^2-y^2|))-0.5}{(1+0.001(x^2+y^2))^2}$$","['https://en.wikipedia.org/wiki/Test_functions_for_optimization', 'rpackages.ianhowson.com/cran/smoof/man/makeSchafferN4Function.html', 'omin Jamil and Xin-She Yang, A literature survey of benchmark functions for global optimization problems, Int. Journal of Mathematical Modelling and Numerical Optimisation}, Vol. 4, No. 2, pp. 150--194 (2013), [arXiv:1308.4008', '. K. Mishra, “Some New Test Functions For Global Optimization And Performance of Repulsive Particle Swarm Method,” [Available Online']","['2-dimensional', 'continuous', 'differentiable', 'non-convex', 'unimodal', 'non-separable', 'non-convex']","[-100, 100]","$x_i \in [-100, 100]$ for $i=1, 2$","The function has one global minimum $f(\textbf{x}^{\ast})=0.292579$ at $\textbf{x}^{\ast} = (0, 1.253115)$.",https://github.com/mazhar-ansari-ardeh/BenchmarkFcns/blob/gh-pages/benchmarkfcns/schaffern4fcn.markdown
Schwefel 2.20,"$$f(\mathbf x)=f(x_1, ..., x_n)=\sum_{i=1}^n |x_i|$$","['omin Jamil and Xin-She Yang, A literature survey of benchmark functions for global optimization problems, Int. Journal of Mathematical Modelling and Numerical Optimisation}, Vol. 4, No. 2, pp. 150--194 (2013), [arXiv:1308.4008', '. P. Schwefel, “Numerical Optimization for Computer Models,” John Wiley Sons, 1981']","['n-dimensional', 'continuous', 'non-differentiable', 'separable', 'unimodal', 'convex']","[-100, 100]","$x_i \in [-100, 100]$ for $i=1, ..., n$","The function has one global minimum $f(\textbf{x}^{\ast})=0$ at $\textbf{x}^{\ast} = (0, ..., 0)$.",https://github.com/mazhar-ansari-ardeh/BenchmarkFcns/blob/gh-pages/benchmarkfcns/schwefel220fcn.markdown
Schwefel 2.21,"$$f(\mathbf{x})=f(x_1, ..., x_n)=\max_{i=1,...,n}|x_i| $$","['omin Jamil and Xin-She Yang, A literature survey of benchmark functions for global optimization problems, Int. Journal of Mathematical Modelling and Numerical Optimisation}, Vol. 4, No. 2, pp. 150--194 (2013), [arXiv:1308.4008', '. P. Schwefel, “Numerical Optimization for Computer Models,” John Wiley Sons, 1981']","['n-dimensional', 'continuous', 'non-differentiable', 'separable', 'unimodal', 'convex']","[-100, 100]","$x_i \in [-100, 100]$ for $i=1, ..., n$","The function has one global minimum $f(\textbf{x}^{\ast})=0$ at $\textbf{x}^{\ast} = (0, ..., 0)$.",https://github.com/mazhar-ansari-ardeh/BenchmarkFcns/blob/gh-pages/benchmarkfcns/schwefel221fcn.markdown
Schwefel 2.22,"$$f(\mathbf{x})=f(x_1, ..., x_n)=\sum_{i=1}^{n}|x_i|+\prod_{i=1}^{n}|x_i| $$","['omin Jamil and Xin-She Yang, A literature survey of benchmark functions for global optimization problems, Int. Journal of Mathematical Modelling and Numerical Optimisation}, Vol. 4, No. 2, pp. 150--194 (2013), [arXiv:1308.4008', '. P. Schwefel, “Numerical Optimization for Computer Models,” John Wiley Sons, 1981', 'http://www.cs.unm.edu/~neal.holts/dga/benchmarkFunction/schwefel222.html', 'http://www.al-roomi.org/benchmarks/unconstrained/n-dimensions/190-schwefel-s-function-2-22']","['n-dimensional', 'continuous', 'non-differentiable', 'separable', 'unimodal', 'convex']","[-100, 100]","$x_i \in [-100, 100]$ for $i=1, ..., n$","The function has one global minimum $f(\textbf{x}^{\ast})=0$ at $\textbf{x}^{\ast} = (0, ..., 0)$.",https://github.com/mazhar-ansari-ardeh/BenchmarkFcns/blob/gh-pages/benchmarkfcns/schwefel222fcn.markdown
Schwefel 2.23,"$$f(\mathbf{x})=f(x_1, ..., x_n)=\sum_{i=1}^{n}x_i^{10}$$","['omin Jamil and Xin-She Yang, A literature survey of benchmark functions for global optimization problems, Int. Journal of Mathematical Modelling and Numerical Optimisation}, Vol. 4, No. 2, pp. 150--194 (2013), [arXiv:1308.4008', '. P. Schwefel, “Numerical Optimization for Computer Models,” John Wiley Sons, 1981']","['n-dimensional', 'continuous', 'differentiable', 'separable', 'unimodal', 'convex']","[-10, 10]","$x_i \in [-10, 10]$ for $i=1, ..., n$","The function has one global minimum $f(\textbf{x}^{\ast})=0$ at $\textbf{x}^{\ast} = (0, ..., 0)$.",https://github.com/mazhar-ansari-ardeh/BenchmarkFcns/blob/gh-pages/benchmarkfcns/schwefel223fcn.markdown
Schwefel,"$$f(\textbf{x}) = f(x_1, x_2, ..., x_n) = 418.9829d -{\sum_{i=1}^{n} x_i sin(\sqrt{|x_i|})}.$$",['ttp://www.sfu.ca/~ssurjan'],"['continuous', 'multimodal', 'non-convex', 'non-differentiable', 'non-separable']","[-500, 500]","$x_i \in [-500, 500]$ for $i = 1..n$","$f(\textbf{x}^{\ast}) = 0$ at $\textbf{x}^{\ast} = (420.9687, ..., 420.9687)$",https://github.com/mazhar-ansari-ardeh/BenchmarkFcns/blob/gh-pages/benchmarkfcns/schwefelfcn.markdown
Shubert 3,"$$f(\mathbf{x})=f(x_1, ...,x_n)=\sum_{i=1}^{n}{\sum_{j=1}^5{j sin((j+1)x_i+j)}}$$","['omin Jamil and Xin-She Yang, A literature survey of benchmark functions for global optimization problems, Int. Journal of Mathematical Modelling and Numerical Optimisation}, Vol. 4, No. 2, pp. 150--194 (2013), [arXiv:1308.4008', '. P. Adorio, U. P. Dilman, “MVF - Multivariate Test Function Library in C for Unconstrained Global Optimization Methods,” [Available Online']","['n-dimensional', 'continuous', 'differentiable', 'separable', 'multimodal', 'non-convex']","[-10, 10]","$x_i \in [-10, 10]$ for $i=1, ..., n$",The function has one global minimum $f(\textbf{x}^{\ast})\approx-29.6733337$.,https://github.com/mazhar-ansari-ardeh/BenchmarkFcns/blob/gh-pages/benchmarkfcns/shubert3fcn.markdown
Shubert N. 4,"$$f(\mathbf{x})=f(x_1, ...,x_n)=\sum_{i=1}^{n}{\sum_{j=1}^5{j cos((j+1)x_i+j)}}$$","['omin Jamil and Xin-She Yang, A literature survey of benchmark functions for global optimization problems, Int. Journal of Mathematical Modelling and Numerical Optimisation}, Vol. 4, No. 2, pp. 150--194 (2013), [arXiv:1308.4008', '. P. Adorio, U. P. Dilman, “MVF - Multivariate Test Function Library in C for Unconstrained Global Optimization Methods,” [Available Online']","['n-dimensional', 'continuous', 'differentiable', 'separable', 'multimodal', 'non-convex']","[-10, 10]","$x_i \in [-10, 10]$ for $i=1, ..., n$",The function has one global minimum $f(\textbf{x}^{\ast})\approx-25.740858$.,https://github.com/mazhar-ansari-ardeh/BenchmarkFcns/blob/gh-pages/benchmarkfcns/shubert4fcn.markdown
Shubert,"$$f(\mathbf{x})=f(x_1, ...,x_n)=\prod_{i=1}^{n}{\left(\sum_{j=1}^5{ cos((j+1)x_i+j)}\right)}$$","['omin Jamil and Xin-She Yang, A literature survey of benchmark functions for global optimization problems, Int. Journal of Mathematical Modelling and Numerical Optimisation}, Vol. 4, No. 2, pp. 150--194 (2013), [arXiv:1308.4008', '. P. Adorio, U. P. Dilman, “MVF - Multivariate Test Function Library in C for Unconstrained Global Optimization Methods,” [Available Online']","['n-dimensional', 'continuous', 'differentiable', 'non-separable', 'multimodal', 'non-convex']","[-10, 10]","$x_i \in [-10, 10]$ for $i=1, ..., n$",The function has 18 global minima $f(\textbf{x}^{\ast})\approx-186.7309$.,https://github.com/mazhar-ansari-ardeh/BenchmarkFcns/blob/gh-pages/benchmarkfcns/shubertfcn.markdown
Sphere,"$$f(\textbf{x}) = f(x_1, x_2, ..., x_n) = {\sum_{i=1}^{n} x_i^{2}}.$$","['ttp://www.sfu.ca/~ssurjano/spheref.htm', 'ttps://en.wikipedia.org/wiki/Test_functions_for_optimizatio']","['n-dimensional', 'continuous', 'convex', 'differentiable', 'unimodal', 'separable']","[-5.12, 5.12]","$x_i \in [-5.12, 5.12]$ for $i = 1..n$","$f(\textbf{x}^{\ast}) = 0$ at $\textbf{x}^{\ast} = (0, ..., 0)$",https://github.com/mazhar-ansari-ardeh/BenchmarkFcns/blob/gh-pages/benchmarkfcns/spherefcn.markdown
Styblinski-Tank,"$$f(\textbf{x}) = f(x_1, ..., x_n)= \frac{1}{2}\sum_{i=1}^{n} (x_i^4 -16x_i^2+5x_i)$$",['http://www.sfu.ca/~ssurjano/stybtang.html'],"['n-dimensional', 'continuous', 'multimodal', 'non-convex']","[-5, 5]","$x \in [-5, 5]$ for all $i = 1,...,n$","The function has one global minimum at: $f(x^*)=-39.16599\textbf{n}$ at $\textbf{x}^{\ast} = (-2.903534, ..., -2.903534)$.",https://github.com/mazhar-ansari-ardeh/BenchmarkFcns/blob/gh-pages/benchmarkfcns/styblinskitankfcn.markdown
Sum Squares,"$$f(\mathbf{x})=f(x_1, ..., x_n)=\sum_{i=1}^{n}{ix_i^2}$$","['omin Jamil and Xin-She Yang, A literature survey of benchmark functions for global optimization problems, Int. Journal of Mathematical Modelling and Numerical Optimisation}, Vol. 4, No. 2, pp. 150--194 (2013), [arXiv:1308.4008', 'http://www.sfu.ca/~ssurjano/sumsqu.html', '.-R. Hedar, “Global Optimization Test Problems,” [Available Online']","['n-dimensional', 'continuous', 'differentiable', 'separable', 'unimodal', 'convex']","[-10, 10]","$x_i \in [-10, 10]$ for $i=1, ..., n$",The function has one global minimum $f(\mathbf{x}^{\ast})=0$ at $\mathbf{x}^{\ast}=0$.,https://github.com/mazhar-ansari-ardeh/BenchmarkFcns/blob/gh-pages/benchmarkfcns/sumsquaresfcn.markdown
Three-Hump Camel,"$$f(x,y)=2x^2-1.05x^4+\frac{x^6}{6}+xy+y^2$$","['https://en.wikipedia.org/wiki/Test_functions_for_optimization', 'http://www.sfu.ca/~ssurjano/camel3.html']","['2-dimensional', 'continuous', 'differentiable', 'non-separable', 'unimodal', 'non-convex']","[-5, 5]","$x_i \in [-5, 5]$ for $i=1, 2$","The function has one global minimum $f(\textbf{x}^{\ast})=0$ at $\textbf{x}^{\ast} = (0, 0)$.",https://github.com/mazhar-ansari-ardeh/BenchmarkFcns/blob/gh-pages/benchmarkfcns/threehumpcamelfcn.markdown
Wolfe,"$$f(x, y, z) = \frac{4}{3}(x^2 + y^2 - xy)^{0.75} + z$$","['omin Jamil and Xin-She Yang, A literature survey of benchmark functions for global optimization problems, Int. Journal of Mathematical Modelling and Numerical Optimisation}, Vol. 4, No. 2, pp. 150--194 (2013), [arXiv:1308.4008', '. P. Schwefel, “Numerical Optimization for Computer Models,” John Wiley Sons, 1981']","['3-dimensional', 'continuous', 'differentiable', 'non-separable', 'multimodal', 'non-convex']","[0, 2]","$x_i \in [0, 2]$ for $i=1, ..., 3$","The global minima $f(\textbf{x}^{\ast})=0$ are located at $\mathbf{x^\ast}=(0, 0, 0)$.",https://github.com/mazhar-ansari-ardeh/BenchmarkFcns/blob/gh-pages/benchmarkfcns/wolfefcn.markdown
Xin-She Yang,"$$f(\mathbf x)=f(x_1, ...,x_n)=\sum_{i=1}^{n}\epsilon_i|x_i|^i$$","['omin Jamil and Xin-She Yang, A literature survey of benchmark functions for global optimization problems, Int. Journal of Mathematical Modelling and Numerical Optimisation}, Vol. 4, No. 2, pp. 150--194 (2013), [arXiv:1308.4008', '. S. Yang, “Test Problems in Optimization,” Engineering Optimization: An Introduction with Metaheuristic Applications John Wliey & Sons, 2010. [Available Online']","['n-dimensional', 'separable', 'multimodal', 'non-convex', 'random', 'non-differentiable']","[-5, 5]","$x_i \in [-5, 5]$ for $i=1, ..., n$","The global minima $f(\textbf{x}^{\ast})=0$ are located at $\mathbf{x^\ast}=(0, ..., 0)$.",https://github.com/mazhar-ansari-ardeh/BenchmarkFcns/blob/gh-pages/benchmarkfcns/xinsheyangn1fcn.markdown
Xin-She Yang N. 2,"$$f(\mathbf{x})=f(x_1, ..., x_n)=(\sum_{i=1}^{n}|x_i|)exp(-\sum_{i=1}^{n}sin(x_i^2))$$","['omin Jamil and Xin-She Yang, A literature survey of benchmark functions for global optimization problems, Int. Journal of Mathematical Modelling and Numerical Optimisation}, Vol. 4, No. 2, pp. 150--194 (2013), [arXiv:1308.4008', '. S. Yang, “Test Problems in Optimization,” Engineering Optimization: An Introduction with Metaheuristic Applications John Wliey & Sons, 2010. [Available Online']","['n-dimensional', 'non-separable', 'multimodal', 'non-convex', 'non-differentiable']","[-2*np.pi, 2*np.pi]","$x_i \in [-2\pi, 2\pi]$ for $i=1, ..., n$","The global minimum $f(\textbf{x}^{\ast})=0$ are located at $\mathbf{x^\ast}=(0, ..., 0)$.",https://github.com/mazhar-ansari-ardeh/BenchmarkFcns/blob/gh-pages/benchmarkfcns/xinsheyangn2fcn.markdown
Xin-She Yang N. 3,"$$f(\mathbf x)=f(x_1, ..., x_n) =exp(-\sum_{i=1}^{n}(x_i / \beta)^{2m}) - 2exp(-\sum_{i=1}^{n}x_i^2) \prod_{i=1}^{n}cos^ 2(x_i) $$","['omin Jamil and Xin-She Yang, A literature survey of benchmark functions for global optimization problems, Int. Journal of Mathematical Modelling and Numerical Optimisation}, Vol. 4, No. 2, pp. 150--194 (2013), [arXiv:1308.4008', '. S. Yang, “Test Problems in Optimization,” Engineering Optimization: An Introduction with Metaheuristic Applications John Wliey & Sons, 2010. [Available Online']","['n-dimensional', 'non-separable', 'unimodal', 'non-convex', 'differentiable', 'parametric']","[-2*np.pi, 2*np.pi]","$x_i \in [-2\pi, 2\pi]$ for $i=1, ..., n$","The global minimum $f(\textbf{x}^{\ast})=-1$ are located at $\mathbf{x^\ast}=(0, ..., 0)$ for $m=5$ and $\beta = 15$.",https://github.com/mazhar-ansari-ardeh/BenchmarkFcns/blob/gh-pages/benchmarkfcns/xinsheyangn3fcn.markdown
Xin-She Yang N. 4,"$$f(\mathbf x)=f(x_1, ..., x_n)=\left(\sum_{i=1}^{n}sin^2(x_i)-e^{-\sum_{i=1}^{n}x_i^2}\right)e^{-\sum_{i=1}^{n}{sin^2\sqrt{|x_i|}}}$$","['omin Jamil and Xin-She Yang, A literature survey of benchmark functions for global optimization problems, Int. Journal of Mathematical Modelling and Numerical Optimisation}, Vol. 4, No. 2, pp. 150--194 (2013), [arXiv:1308.4008', '. S. Yang, “Test Problems in Optimization,” Engineering Optimization: An Introduction with Metaheuristic Applications John Wliey & Sons, 2010. [Available Online']","['n-dimensional', 'non-separable', 'multimodal', 'non-convex', 'non-differentiable']","[-10, 10]","$x_i \in [-10, 10]$ for $i=1, ..., n$","The global minimum $f(\textbf{x}^{\ast})=-1$ are located at $\mathbf{x^\ast}=(0, ..., 0)$.",https://github.com/mazhar-ansari-ardeh/BenchmarkFcns/blob/gh-pages/benchmarkfcns/xinsheyangn4fcn.markdown
Zakharov,"$$f(\textbf{x})=f(x_1, ..., x_n)=\sum_{i=1}^n x_i^{2}+(\sum_{i=1}^n 0.5ix_i)^2 + (\sum_{i=1}^n 0.5ix_i)^4$$",['ttp://www.sfu.ca/~ssurjano/zakharov.htm'],"['continuous', 'convex', 'n-dimensional', 'unimodal']","[-5, 10]","$x_i \in [-5, 10]$ for $i = 1..n$","$f(\textbf{x}^{\ast}) = 0$ at $\textbf{x}^{\ast} = (0, ..., 0)$",https://github.com/mazhar-ansari-ardeh/BenchmarkFcns/blob/gh-pages/benchmarkfcns/zakharov.markdown
